0,2019/7/1,”≈,41,116,8,27,1,23,0.29,76
1,2019/7/2,¡º,76,286,22,63,2,31,0.59,109
2,2019/7/3,¡º,69,260,21,37,2,25,0.51,120
3,2019/7/4,«·∂»Œ€»æ,107,339,29,71,3,38,0.55,145
4,2019/7/5,¡º,62,228,27,50,1,31,0.57,93
5,2019/7/6,”≈,24,26,7,14,2,14,0.31,46
6,2019/7/7,”≈,35,90,11,21,2,15,0.4,75
7,2019/7/12,¡º,62,316,24,45,2,26,0.53,129
8,2019/7/13,¡º,89,354,57,78,3,27,0.89,153
9,2019/7/14,”≈,46,218,15,28,2,17,0.48,122
10,2019/7/15,¡º,91,360,53,69,2,26,0.83,146
0,2019/6/1,¡º,72,260,28,72,4,38,0.47,96
1,2019/6/2,¡º,94,311,45,81,3,35,0.66,128
2,2019/6/3,¡º,75,265,26,52,2,24,0.51,127
3,2019/6/4,¡º,87,289,59,72,7,24,1.23,119
4,2019/6/5,¡º,73,282,45,61,2,30,0.89,89
5,2019/6/6,¡º,74,338,51,49,1,38,0.86,69
6,2019/6/7,¡º,88,338,58,41,1,19,0.69,119
7,2019/6/8,¡º,70,276,34,50,1,20,0.45,94
8,2019/6/9,”≈,40,122,5,18,2,15,0.27,78
9,2019/6/10,¡º,68,259,26,53,2,26,0.52,98
10,2019/6/11,¡º,79,334,49,64,2,25,0.96,92
11,2019/6/14,”≈,47,225,14,42,2,26,0.39,130
12,2019/6/15,¡º,59,263,21,52,5,26,0.7,108
13,2019/6/17,¡º,73,329,49,49,2,30,0.87,75
14,2019/6/18,«·∂»Œ€»æ,104,360,61,64,2,29,0.81,147
15,2019/6/19,«·∂»Œ€»æ,105,364,73,90,6,20,1.21,166
16,2019/6/20,«·∂»Œ€»æ,102,363,61,79,3,30,0.82,133
17,2019/6/25,«·∂»Œ€»æ,118,360,46,99,6,29,0.8,169
18,2019/6/26,«·∂»Œ€»æ,107,348,42,83,5,24,0.83,156
19,2019/6/27,«·∂»Œ€»æ,105,348,47,76,4,26,0.81,142
20,2019/6/28,¡º,72,317,25,41,2,16,0.6,129
21,2019/6/29,¡º,52,239,14,31,1,15,0.37,95
22,2019/6/30,”≈,36,84,4,17,2,11,0.29,73
0,2019/5/1,”≈,42,64,12,36,2,25,0.26,71
1,2019/5/2,¡º,59,129,22,57,2,35,0.34,82
2,2019/5/3,¡º,82,287,50,91,6,42,0.57,97
3,2019/5/4,¡º,90,321,49,86,6,27,0.5,122
4,2019/5/5,¡º,56,156,21,54,1,14,0.24,81
5,2019/5/6,”≈,43,115,17,37,2,23,0.28,73
6,2019/5/7,¡º,52,163,22,50,2,30,0.3,76
7,2019/5/8,¡º,68,276,43,82,4,43,0.47,70
8,2019/5/9,¡º,66,215,37,67,2,36,0.46,83
9,2019/5/10,¡º,94,306,51,99,5,46,0.64,97
10,2019/5/11,«·∂»Œ€»æ,117,346,70,99,5,38,0.84,123
11,2019/5/12,÷–∂»Œ€»æ,166,319,87,178,4,26,0.82,80
12,2019/5/13,¡º,58,130,18,66,2,19,0.27,72
13,2019/5/14,¡º,85,248,52,116,6,44,0.6,92
14,2019/5/15,«·∂»Œ€»æ,133,340,94,208,8,48,1.09,117
15,2019/5/16,«·∂»Œ€»æ,111,320,68,138,3,36,0.74,121
16,2019/5/17,«·∂»Œ€»æ,124,356,83,122,2,33,0.87,105
17,2019/5/18,¡º,56,216,36,48,2,25,0.61,58
18,2019/5/19,¡º,64,228,30,67,2,14,0.34,66
19,2019/5/20,”≈,48,111,12,46,1,15,0.25,73
20,2019/5/21,”≈,44,56,12,37,1,32,0.33,68
21,2019/5/22,¡º,58,113,19,55,1,48,0.51,74
22,2019/5/23,«·∂»Œ€»æ,105,313,26,68,3,43,0.58,152
23,2019/5/24,¡º,99,307,44,107,5,51,0.72,123
24,2019/5/25,«·∂»Œ€»æ,115,332,47,111,5,40,0.67,144
25,2019/5/26,¡º,65,269,36,62,3,24,0.83,75
26,2019/5/27,”≈,44,129,5,13,2,10,0.19,83
27,2019/5/28,”≈,46,150,11,33,2,29,0.29,80
28,2019/5/29,¡º,74,300,20,49,2,32,0.38,120
29,2019/5/30,¡º,60,258,19,53,3,22,0.36,94
30,2019/5/31,”≈,37,67,9,29,2,21,0.25,69
0,2019/4/1,”≈,39,40,11,37,1,27,0.34,58
1,2019/4/2,¡º,57,186,27,65,5,37,0.57,51
2,2019/4/3,¡º,80,289,56,86,7,47,0.69,72
3,2019/4/4,«·∂»Œ€»æ,106,305,70,124,6,52,0.65,74
4,2019/4/5,÷ÿ∂»Œ€»æ,210,354,38,282,3,22,0.32,66
5,2019/4/6,«·∂»Œ€»æ,137,343,39,222,5,33,0.53,57
6,2019/4/7,¡º,76,233,39,101,7,38,0.59,64
7,2019/4/8,¡º,62,167,31,74,11,34,0.88,55
8,2019/4/9,”≈,38,34,22,30,2,20,0.48,57
9,2019/4/10,”≈,44,110,24,29,2,25,0.38,62
10,2019/4/11,¡º,64,272,45,63,1,36,0.43,63
11,2019/4/12,¡º,82,279,59,81,3,38,0.52,66
12,2019/4/13,«·∂»Œ€»æ,118,336,82,95,3,36,0.57,63
13,2019/4/14,¡º,56,177,16,62,1,22,0.28,77
14,2019/4/15,¡º,76,303,43,95,5,40,0.45,65
15,2019/4/16,¡º,98,337,68,107,6,34,0.54,100
16,2019/4/17,«·∂»Œ€»æ,141,348,106,134,8,51,0.97,103
17,2019/4/18,«·∂»Œ€»æ,124,338,40,162,2,19,0.4,84
18,2019/4/19,¡º,62,177,20,72,2,25,0.4,68
19,2019/4/20,¡º,56,151,36,49,1,39,0.5,30
20,2019/4/21,«·∂»Œ€»æ,112,340,59,163,4,40,0.8,55
21,2019/4/22,«·∂»Œ€»æ,127,349,92,136,3,41,0.88,100
22,2019/4/23,«·∂»Œ€»æ,127,356,95,100,1,28,0.72,68
23,2019/4/24,¡º,66,201,45,35,1,26,0.6,39
24,2019/4/25,”≈,38,43,8,18,2,14,0.23,77
25,2019/4/26,”≈,44,78,18,28,2,16,0.28,84
26,2019/4/27,¡º,56,209,37,39,2,25,0.41,57
27,2019/4/28,¡º,64,276,46,24,2,22,0.47,61
28,2019/4/29,«·∂»Œ€»æ,135,359,101,48,2,34,0.84,68
29,2019/4/30,¡º,94,307,38,100,1,23,0.41,67
0,2019/3/1,«·∂»Œ€»æ,150,313,114,131,8,58,1.12,57
1,2019/3/2,÷ÿ∂»Œ€»æ,235,358,185,122,8,66,1.41,71
2,2019/3/3,÷ÿ∂»Œ€»æ,212,353,161,132,9,60,1.35,67
3,2019/3/4,«·∂»Œ€»æ,141,309,106,69,5,51,1.04,59
4,2019/3/5,«·∂»Œ€»æ,126,287,85,81,4,42,0.91,54
5,2019/3/6,”≈,37,73,7,19,1,14,0.29,71
6,2019/3/7,”≈,37,69,17,36,3,34,0.45,52
7,2019/3/8,¡º,81,287,56,100,8,55,0.74,44
8,2019/3/9,«·∂»Œ€»æ,111,346,83,121,8,60,0.82,39
9,2019/3/10,«·∂»Œ€»æ,144,354,109,66,4,52,0.97,41
10,2019/3/11,¡º,51,85,24,24,2,24,0.46,53
11,2019/3/12,”≈,36,8,4,25,1,9,0.25,69
12,2019/3/13,”≈,34,5,7,29,1,20,0.3,58
13,2019/3/14,”≈,39,23,6,38,2,21,0.3,58
14,2019/3/15,”≈,50,108,9,48,1,14,0.25,70
15,2019/3/16,¡º,56,122,22,63,3,36,0.49,42
16,2019/3/17,¡º,75,239,46,94,6,48,0.67,53
17,2019/3/18,«·∂»Œ€»æ,130,354,98,140,9,69,0.84,57
18,2019/3/19,÷–∂»Œ€»æ,168,356,126,170,8,74,0.98,70
19,2019/3/20,¡º,93,303,65,100,5,38,0.66,62
20,2019/3/21,”≈,38,31,5,25,1,8,0.26,70
21,2019/3/22,”≈,35,40,7,30,1,17,0.25,59
22,2019/3/23,”≈,41,119,10,31,2,11,0.26,72
23,2019/3/24,¡º,68,222,34,83,5,40,0.43,45
24,2019/3/25,¡º,54,131,22,61,2,37,0.45,54
25,2019/3/26,¡º,84,275,43,115,9,42,0.76,55
26,2019/3/27,«·∂»Œ€»æ,103,321,66,133,6,51,0.96,47
27,2019/3/28,¡º,59,175,24,67,6,27,0.55,53
28,2019/3/29,¡º,73,240,22,92,3,30,0.41,47
29,2019/3/30,”≈,36,9,4,24,1,7,0.24,70
30,2019/3/31,”≈,33,8,8,29,1,23,0.32,54
0,2019/2/1,¡º,67,152,40,81,6,45,0.89,27
1,2019/2/2,«·∂»Œ€»æ,138,333,103,134,7,53,1.39,17
2,2019/2/3,«·∂»Œ€»æ,115,271,43,159,2,14,0.45,57
3,2019/2/4,¡º,77,172,41,99,5,24,0.8,43
4,2019/2/5,÷–∂»Œ€»æ,153,253,97,221,9,25,0.88,35
5,2019/2/6,¡º,83,196,55,110,13,22,1.12,39
6,2019/2/7,”≈,35,50,7,28,2,8,0.32,61
7,2019/2/8,”≈,43,181,24,44,5,18,0.45,52
8,2019/2/9,”≈,31,56,8,19,3,11,0.33,56
9,2019/2/10,”≈,39,116,24,34,5,21,0.5,41
10,2019/2/11,¡º,55,163,36,51,7,28,0.72,39
11,2019/2/12,”≈,49,132,28,51,6,23,0.75,39
12,2019/2/13,”≈,39,77,21,31,2,21,0.54,44
13,2019/2/14,¡º,70,237,50,45,4,30,0.9,31
14,2019/2/15,”≈,35,83,10,18,2,9,0.32,61
15,2019/2/16,”≈,32,56,7,18,2,11,0.33,63
16,2019/2/17,”≈,33,60,12,21,3,21,0.41,55
17,2019/2/18,”≈,42,139,28,38,6,44,0.69,32
18,2019/2/19,«·∂»Œ€»æ,115,273,86,44,4,36,0.96,42
19,2019/2/20,¡º,58,118,38,38,4,28,0.58,59
20,2019/2/21,«·∂»Œ€»æ,120,257,90,64,5,49,1.1,45
21,2019/2/22,«·∂»Œ€»æ,131,283,100,55,5,57,1.28,32
22,2019/2/23,÷–∂»Œ€»æ,168,310,128,36,8,63,1.55,47
23,2019/2/24,«·∂»Œ€»æ,110,243,80,14,4,46,0.96,48
24,2019/2/25,¡º,70,178,49,63,8,46,0.94,39
25,2019/2/26,¡º,71,177,50,77,9,56,0.91,27
26,2019/2/27,«·∂»Œ€»æ,118,284,89,99,7,57,1.06,43
27,2019/2/28,«·∂»Œ€»æ,106,270,75,104,6,51,0.9,50
0,2019/1/1,¡º,53,128,35,52,8,42,0.82,22
1,2019/1/2,¡º,65,147,45,61,10,50,0.94,19
2,2019/1/3,÷–∂»Œ€»æ,163,292,123,137,20,79,1.85,6
3,2019/1/4,”≈,49,106,22,44,5,27,0.54,46
4,2019/1/5,”≈,31,42,13,30,7,33,0.51,35
5,2019/1/6,¡º,85,196,60,91,11,67,1.2,8
6,2019/1/7,¡º,57,114,34,56,8,42,0.8,30
7,2019/1/8,”≈,31,50,9,27,3,24,0.39,45
8,2019/1/9,¡º,59,176,37,63,10,55,0.83,15
9,2019/1/10,«·∂»Œ€»æ,104,267,77,112,13,76,1.47,7
10,2019/1/11,«·∂»Œ€»æ,136,266,103,129,15,78,1.71,9
11,2019/1/12,÷ÿ∂»Œ€»æ,241,333,199,215,13,97,2.47,7
12,2019/1/13,÷–∂»Œ€»æ,159,272,130,139,5,60,1.56,28
13,2019/1/14,÷–∂»Œ€»æ,154,255,106,142,7,71,1.57,19
14,2019/1/15,¡º,54,124,7,60,3,15,0.36,49
15,2019/1/16,¡º,60,160,35,68,9,54,0.81,17
16,2019/1/17,¡º,66,135,42,74,12,58,1.01,15
17,2019/1/18,¡º,86,190,63,105,14,72,1.39,10
18,2019/1/19,”≈,34,22,11,33,5,23,0.4,45
19,2019/1/20,”≈,34,23,9,31,2,19,0.34,54
20,2019/1/21,¡º,53,97,22,59,6,41,0.57,35
21,2019/1/22,¡º,60,78,26,69,6,48,0.76,28
22,2019/1/23,”≈,47,47,22,51,5,44,0.66,31
23,2019/1/24,¡º,80,139,58,75,10,50,1.15,22
24,2019/1/25,”≈,35,18,11,34,3,20,0.41,48
25,2019/1/26,”≈,35,11,21,35,4,31,0.55,37
26,2019/1/27,¡º,90,224,50,102,9,44,0.88,29
27,2019/1/28,¡º,52,70,29,54,5,29,0.55,46
28,2019/1/29,«·∂»Œ€»æ,135,290,102,134,15,71,1.42,13
29,2019/1/30,¡º,74,162,31,79,5,24,0.6,48
30,2019/1/31,”≈,33,15,11,22,4,16,0.43,49
0,2018/12/1,÷–∂»Œ€»æ,165,284,126,199,9,81,1.92,12
1,2018/12/2,÷ÿ∂»Œ€»æ,233,319,182,242,7,86,2.58,3
2,2018/12/3,÷–∂»Œ€»æ,193,318,66,266,2,21,0.52,45
3,2018/12/4,¡º,61,197,15,71,2,22,0.36,38
4,2018/12/5,¡º,75,252,36,98,8,56,1.01,5
5,2018/12/6,”≈,37,107,9,38,2,15,0.36,46
6,2018/12/7,”≈,36,132,5,36,2,11,0.32,49
7,2018/12/8,”≈,38,156,8,35,3,19,0.32,47
8,2018/12/9,¡º,62,221,38,69,8,55,0.86,13
9,2018/12/10,¡º,78,244,56,88,11,63,1.1,8
10,2018/12/11,¡º,53,151,22,55,6,31,0.57,32
11,2018/12/12,¡º,54,104,27,59,7,52,0.76,17
12,2018/12/13,”≈,41,52,13,41,4,35,0.48,34
13,2018/12/14,¡º,71,153,45,73,9,62,0.93,12
14,2018/12/15,«·∂»Œ€»æ,118,289,88,115,13,82,1.51,6
15,2018/12/16,«·∂»Œ€»æ,101,220,66,108,7,58,1.27,29
16,2018/12/17,¡º,53,82,26,57,5,44,0.62,36
17,2018/12/18,¡º,52,68,26,56,5,48,0.74,26
18,2018/12/19,¡º,60,89,31,69,7,58,0.94,12
19,2018/12/20,¡º,81,187,53,93,9,71,1.17,5
20,2018/12/21,¡º,89,240,60,109,11,58,1.24,25
21,2018/12/28,”≈,41,124,8,41,4,15,0.36,42
22,2018/12/29,”≈,28,33,9,27,4,24,0.43,38
23,2018/12/30,”≈,31,25,13,30,4,34,0.49,27
24,2018/12/31,¡º,56,159,36,60,8,53,0.91,10
0,2018/11/1,¡º,70,219,43,71,5,59,0.94,23
1,2018/11/2,÷–∂»Œ€»æ,151,361,113,130,7,92,1.48,17
2,2018/11/3,÷ÿ∂»Œ€»æ,210,365,160,157,7,87,1.68,34
3,2018/11/4,«·∂»Œ€»æ,107,342,81,57,2,48,0.85,17
4,2018/11/5,”≈,29,23,18,26,2,35,0.45,17
5,2018/11/6,”≈,33,87,14,32,2,38,0.48,19
6,2018/11/7,¡º,52,246,26,53,3,48,0.69,10
7,2018/11/8,¡º,91,341,66,98,6,70,1.1,6
8,2018/11/9,¡º,63,243,34,63,3,40,0.66,32
9,2018/11/10,”≈,37,44,12,37,2,36,0.38,24
10,2018/11/11,¡º,70,231,44,78,4,54,0.73,22
11,2018/11/12,«·∂»Œ€»æ,126,330,94,117,5,71,1.15,15
12,2018/11/13,÷ÿ∂»Œ€»æ,222,363,175,110,5,78,1.69,15
13,2018/11/14,—œ÷ÿŒ€»æ,274,367,223,51,4,75,2.24,15
14,2018/11/15,¡º,92,296,65,17,2,32,0.87,30
15,2018/11/16,”≈,33,92,12,27,3,27,0.38,37
16,2018/11/17,¡º,67,311,41,77,6,58,0.79,10
17,2018/11/18,¡º,67,269,31,78,5,40,0.68,30
18,2018/11/19,¡º,77,271,43,93,9,62,1.01,10
19,2018/11/20,¡º,71,239,39,85,7,50,0.83,23
20,2018/11/21,”≈,44,127,19,47,3,30,0.49,33
21,2018/11/22,¡º,56,164,26,61,6,47,0.7,18
22,2018/11/23,¡º,92,286,67,103,12,61,1.38,6
23,2018/11/24,«·∂»Œ€»æ,118,289,87,107,9,59,1.18,21
24,2018/11/25,«·∂»Œ€»æ,117,248,87,113,7,69,1.3,11
25,2018/11/26,—œ÷ÿŒ€»æ,252,321,204,233,10,101,2.25,6
26,2018/11/27,÷–∂»Œ€»æ,192,287,56,282,2,30,0.51,40
27,2018/11/28,«·∂»Œ€»æ,115,226,54,179,14,65,1.25,7
28,2018/11/29,«·∂»Œ€»æ,104,229,56,156,13,63,1.51,8
29,2018/11/30,«·∂»Œ€»æ,120,239,87,177,11,80,1.89,7
0,2018/10/1,”≈,31,36,7,19,3,17,0.3,59
1,2018/10/2,”≈,32,26,10,27,2,31,0.4,45
2,2018/10/3,”≈,37,41,11,32,3,38,0.44,44
3,2018/10/4,¡º,67,200,41,70,7,51,0.96,69
4,2018/10/5,«·∂»Œ€»æ,105,346,78,94,7,52,1.2,66
5,2018/10/6,”≈,33,24,9,22,2,17,0.3,54
6,2018/10/7,”≈,35,38,9,34,2,35,0.34,34
7,2018/10/8,”≈,39,68,9,34,2,33,0.36,42
8,2018/10/9,”≈,23,12,3,14,2,12,0.22,43
9,2018/10/10,”≈,25,23,5,22,2,23,0.3,31
10,2018/10/11,”≈,32,45,9,29,2,32,0.32,33
11,2018/10/12,¡º,63,226,33,71,3,54,0.56,33
12,2018/10/13,«·∂»Œ€»æ,107,355,80,103,6,69,0.97,44
13,2018/10/14,÷–∂»Œ€»æ,179,366,136,147,4,73,1.22,52
14,2018/10/15,÷–∂»Œ€»æ,200,365,152,122,4,67,1.41,33
15,2018/10/16,¡º,82,302,60,21,2,34,0.86,45
16,2018/10/17,¡º,54,197,32,38,2,39,0.65,28
17,2018/10/18,”≈,49,177,28,48,2,49,0.57,32
18,2018/10/19,¡º,60,264,41,56,3,54,0.64,40
19,2018/10/20,¡º,86,327,63,77,4,64,0.82,39
20,2018/10/21,«·∂»Œ€»æ,144,355,108,118,6,80,1.27,26
21,2018/10/22,÷–∂»Œ€»æ,168,366,121,86,4,58,1.21,33
22,2018/10/23,”≈,38,78,13,40,2,31,0.36,34
23,2018/10/24,¡º,70,225,40,88,3,61,0.77,20
24,2018/10/25,«·∂»Œ€»æ,112,332,80,118,7,72,1.37,16
25,2018/10/26,”≈,45,92,4,46,2,9,0.21,52
26,2018/10/27,”≈,34,48,9,31,3,24,0.28,42
27,2018/10/28,”≈,37,66,4,27,2,9,0.2,65
28,2018/10/29,”≈,24,12,4,18,2,18,0.25,46
29,2018/10/30,”≈,33,44,10,31,2,36,0.42,32
30,2018/10/31,”≈,48,88,21,51,4,46,0.73,21
0,2018/9/2,¡º,58,289,40,33,2,16,0.73,96
1,2018/9/3,”≈,46,179,16,15,6,14,0.41,59
2,2018/9/4,”≈,26,38,6,18,1,21,0.34,51
3,2018/9/5,”≈,37,84,10,30,3,28,0.41,65
4,2018/9/6,”≈,40,114,7,35,2,17,0.34,55
5,2018/9/7,”≈,25,20,4,17,2,14,0.3,48
6,2018/9/8,”≈,29,38,6,22,2,24,0.33,46
7,2018/9/9,¡º,55,230,22,54,4,38,0.52,61
8,2018/9/10,¡º,66,292,41,72,5,49,0.89,65
9,2018/9/11,¡º,71,316,43,72,5,38,0.76,71
10,2018/9/12,¡º,65,277,42,47,3,36,0.72,88
11,2018/9/13,«·∂»Œ€»æ,109,363,79,100,4,47,0.93,91
12,2018/9/14,«·∂»Œ€»æ,128,365,97,114,3,48,1.04,86
13,2018/9/15,”≈,39,122,17,25,1,19,0.38,51
14,2018/9/16,”≈,30,73,6,24,2,28,0.34,49
15,2018/9/17,”≈,42,199,11,42,2,44,0.42,30
16,2018/9/18,”≈,50,250,18,52,2,45,0.53,32
17,2018/9/19,¡º,53,259,25,58,7,50,0.68,23
18,2018/9/20,¡º,64,310,41,67,2,46,0.72,57
19,2018/9/21,”≈,48,183,16,45,2,26,0.36,39
20,2018/9/22,”≈,27,20,5,26,1,16,0.25,48
21,2018/9/23,”≈,29,56,5,27,2,19,0.26,39
22,2018/9/24,”≈,27,45,6,21,2,23,0.31,40
23,2018/9/25,”≈,47,203,21,48,3,29,0.6,61
24,2018/9/26,¡º,52,264,32,54,2,38,0.62,49
25,2018/9/27,¡º,85,347,62,80,4,56,0.89,33
26,2018/9/28,¡º,76,334,52,22,2,34,0.75,37
27,2018/9/29,”≈,22,3,6,13,4,21,0.32,37
28,2018/9/30,”≈,23,9,5,18,2,19,0.3,37
0,2018/8/1,«·∂»Œ€»æ,109,366,55,83,2,25,1.03,148
1,2018/8/2,«·∂»Œ€»æ,130,366,83,102,4,23,1.49,139
2,2018/8/3,¡º,100,349,53,81,2,26,0.97,123
3,2018/8/4,«·∂»Œ€»æ,122,359,63,97,9,26,1.24,163
4,2018/8/5,¡º,67,288,35,58,3,18,0.8,94
5,2018/8/6,¡º,53,187,36,49,11,30,1.39,51
6,2018/8/7,¡º,86,339,58,64,2,24,1.24,89
7,2018/8/8,”≈,41,97,19,22,3,18,0.89,63
8,2018/8/9,¡º,67,259,24,35,1,25,0.92,98
9,2018/8/10,«·∂»Œ€»æ,102,346,30,47,4,24,0.82,140
10,2018/8/11,¡º,69,227,40,46,2,22,1.03,107
11,2018/8/12,¡º,74,291,53,39,4,22,1.19,77
12,2018/8/13,¡º,66,299,46,49,2,22,1.01,103
13,2018/8/14,”≈,41,169,22,30,3,17,0.74,61
14,2018/8/15,”≈,37,119,12,27,1,21,0.5,66
15,2018/8/16,¡º,53,294,12,29,4,20,0.42,100
16,2018/8/17,¡º,100,359,32,63,2,30,0.63,152
17,2018/8/18,”≈,46,204,13,23,4,22,0.49,77
18,2018/8/19,”≈,40,129,20,36,2,27,0.73,51
19,2018/8/20,¡º,51,213,22,38,4,20,0.7,87
20,2018/8/21,”≈,44,101,12,32,1,24,0.43,84
21,2018/8/22,”≈,47,133,17,47,4,39,0.63,43
22,2018/8/23,¡º,51,132,15,40,2,27,0.58,86
23,2018/8/25,¡º,90,302,34,74,3,24,0.72,136
24,2018/8/27,«·∂»Œ€»æ,114,351,59,83,5,29,1.02,147
25,2018/8/29,”≈,44,166,6,24,1,19,0.41,91
26,2018/8/31,¡º,62,303,14,30,2,21,0.51,119
0,2018/7/1,¡º,80,312,46,57,3,24,0.92,115
1,2018/7/2,¡º,72,302,42,55,2,22,0.76,92
2,2018/7/3,¡º,85,327,53,54,2,22,0.76,108
3,2018/7/4,«·∂»Œ€»æ,112,360,57,78,2,29,0.82,138
4,2018/7/5,«·∂»Œ€»æ,126,362,69,107,3,33,1.09,142
5,2018/7/6,¡º,92,326,33,54,2,23,0.87,142
6,2018/7/7,¡º,72,326,51,55,2,25,0.84,42
7,2018/7/8,¡º,81,349,50,29,2,21,0.83,91
8,2018/7/9,«·∂»Œ€»æ,103,364,77,44,2,27,0.9,57
9,2018/7/10,”≈,49,241,32,34,2,20,0.69,63
10,2018/7/11,”≈,43,161,28,27,2,32,0.61,47
11,2018/7/12,”≈,44,187,30,25,2,28,0.7,46
12,2018/7/13,¡º,59,295,41,49,2,36,0.82,55
13,2018/7/14,¡º,80,353,49,43,2,22,0.72,95
14,2018/7/15,¡º,99,355,58,54,3,27,0.85,110
15,2018/7/16,”≈,45,181,26,29,2,25,0.72,58
16,2018/7/17,”≈,27,30,17,16,2,25,0.66,46
17,2018/7/18,«·∂»Œ€»æ,105,362,78,58,2,24,1.22,67
18,2018/7/19,¡º,91,351,67,63,4,31,0.92,75
19,2018/7/20,«·∂»Œ€»æ,114,364,83,57,3,26,1.02,104
20,2018/7/21,«·∂»Œ€»æ,107,361,68,81,3,20,0.8,123
21,2018/7/22,¡º,69,287,42,50,2,24,0.77,71
22,2018/7/23,¡º,81,342,52,60,2,22,0.88,81
23,2018/7/24,”≈,27,33,16,22,2,16,0.59,32
24,2018/7/25,”≈,36,71,9,16,2,16,0.47,71
25,2018/7/26,”≈,48,165,10,28,2,22,0.49,86
26,2018/7/27,¡º,68,318,45,56,2,21,1.05,102
27,2018/7/28,¡º,94,344,53,66,2,19,1.04,128
28,2018/7/29,«·∂»Œ€»æ,111,365,71,89,2,26,1.22,126
29,2018/7/30,«·∂»Œ€»æ,116,365,71,87,2,26,1.1,126
30,2018/7/31,«·∂»Œ€»æ,118,366,61,83,3,28,1.05,135
0,2018/6/1,¡º,91,252,26,66,2,44,0.47,130
1,2018/6/2,«·∂»Œ€»æ,120,328,47,101,7,48,0.7,159
2,2018/6/3,¡º,92,257,53,125,3,37,0.64,105
3,2018/6/4,¡º,76,240,28,86,2,38,0.42,98
4,2018/6/5,«·∂»Œ€»æ,110,327,38,117,6,44,0.55,135
5,2018/6/6,«·∂»Œ€»æ,116,328,48,139,8,42,0.69,151
6,2018/6/7,¡º,71,200,23,58,2,23,0.48,113
7,2018/6/8,¡º,52,156,13,36,2,30,0.42,87
8,2018/6/9,¡º,52,174,20,43,2,29,0.53,81
9,2018/6/10,¡º,60,182,31,32,1,21,0.67,103
10,2018/6/11,¡º,88,295,63,61,1,29,0.78,106
11,2018/6/12,«·∂»Œ€»æ,125,357,84,94,2,43,0.94,111
12,2018/6/13,¡º,77,260,46,38,2,30,0.88,82
13,2018/6/14,¡º,66,208,21,38,2,35,0.61,105
14,2018/6/15,«·∂»Œ€»æ,130,362,80,46,4,28,1.41,128
15,2018/6/16,«·∂»Œ€»æ,111,339,77,69,2,28,0.94,124
16,2018/6/17,¡º,77,255,45,59,2,27,0.77,121
17,2018/6/18,«·∂»Œ€»æ,126,364,80,92,2,33,0.88,116
18,2018/6/19,¡º,92,343,49,69,3,26,0.91,119
19,2018/6/20,¡º,79,304,38,50,2,29,0.7,106
20,2018/6/21,¡º,91,302,25,61,5,33,0.71,133
21,2018/6/22,¡º,90,309,56,87,6,49,1.05,106
22,2018/6/23,«·∂»Œ€»æ,128,358,55,84,3,32,0.8,181
23,2018/6/24,«·∂»Œ€»æ,121,347,54,94,3,32,0.75,170
24,2018/6/25,«·∂»Œ€»æ,109,363,76,113,4,41,1.02,143
25,2018/6/26,÷–∂»Œ€»æ,183,365,124,44,3,34,1.58,141
26,2018/6/27,¡º,57,254,25,49,2,32,0.49,73
27,2018/6/28,”≈,40,130,8,23,3,21,0.3,79
28,2018/6/29,¡º,71,258,17,56,2,41,0.45,92
29,2018/6/30,«·∂»Œ€»æ,108,361,31,74,4,33,0.83,140
0,2018/5/1,«·∂»Œ€»æ,125,344,40,176,2,28,0.46,57
1,2018/5/2,”≈,45,47,15,43,2,22,0.28,70
2,2018/5/3,”≈,50,59,13,51,2,25,0.26,79
3,2018/5/4,¡º,87,287,57,108,7,53,0.59,89
4,2018/5/5,÷–∂»Œ€»æ,179,360,78,246,4,45,0.52,70
5,2018/5/6,«·∂»Œ€»æ,121,360,59,190,3,40,0.51,82
6,2018/5/7,«·∂»Œ€»æ,102,340,55,137,8,34,0.76,115
7,2018/5/8,¡º,68,220,27,76,4,39,0.49,81
8,2018/5/9,¡º,86,267,43,96,7,46,0.63,100
9,2018/5/10,«·∂»Œ€»æ,122,356,89,138,11,60,1.03,119
10,2018/5/11,«·∂»Œ€»æ,105,352,78,107,5,50,0.84,86
11,2018/5/12,÷–∂»Œ€»æ,190,362,139,132,3,43,1.51,80
12,2018/5/13,¡º,72,175,44,78,5,38,0.58,96
13,2018/5/14,÷–∂»Œ€»æ,168,364,118,150,6,43,1.21,137
14,2018/5/15,¡º,95,303,67,102,4,39,1.02,101
15,2018/5/16,«·∂»Œ€»æ,147,353,111,75,4,36,1.81,93
16,2018/5/17,¡º,64,226,43,52,2,27,0.95,60
17,2018/5/18,¡º,60,153,21,47,3,25,0.53,108
18,2018/5/19,¡º,78,324,36,70,4,41,0.74,100
19,2018/5/20,¡º,59,256,36,45,2,28,0.77,89
20,2018/5/21,¡º,82,339,60,25,2,36,1.02,35
21,2018/5/22,«·∂»Œ€»æ,105,336,42,133,1,24,0.4,63
22,2018/5/23,«·∂»Œ€»æ,142,357,56,231,4,39,0.47,77
23,2018/5/24,«·∂»Œ€»æ,107,321,49,129,7,49,0.74,118
24,2018/5/25,«·∂»Œ€»æ,111,327,60,126,6,38,0.76,131
25,2018/5/26,«·∂»Œ€»æ,140,306,99,167,3,35,0.81,87
26,2018/5/27,¡º,89,254,42,125,2,31,0.35,83
27,2018/5/28,÷–∂»Œ€»æ,188,359,64,256,2,22,0.24,67
28,2018/5/29,”≈,46,52,12,38,2,30,0.31,67
29,2018/5/30,¡º,56,126,12,36,2,32,0.34,94
30,2018/5/31,¡º,97,302,26,66,5,42,0.56,130
0,2018/4/1,÷ÿ∂»Œ€»æ,221,361,173,209,14,78,1.51,102
1,2018/4/2,—œ÷ÿŒ€»æ,283,362,229,211,10,61,1.82,104
2,2018/4/3,¡º,78,182,12,98,2,15,0.28,75
3,2018/4/4,”≈,34,1,21,20,2,30,0.44,36
4,2018/4/5,¡º,91,293,48,70,2,28,0.59,33
5,2018/4/5,¡º,91,293,48,70,2,28,0.59,33
6,2018/4/6,¡º,78,186,16,89,1,8,0.26,86
7,2018/4/7,¡º,52,47,15,43,3,18,0.31,86
8,2018/4/8,¡º,68,117,38,85,5,47,0.56,55
9,2018/4/9,«·∂»Œ€»æ,112,323,83,121,20,62,1.36,65
10,2018/4/10,¡º,96,243,53,118,7,39,0.87,60
11,2018/4/11,”≈,50,36,17,53,3,33,0.32,66
12,2018/4/12,¡º,78,240,30,106,8,38,0.61,64
13,2018/4/13,¡º,64,267,37,59,8,54,1.18,34
14,2018/4/14,«·∂»Œ€»æ,122,321,28,171,1,12,0.3,82
15,2018/4/15,¡º,66,171,22,84,3,27,0.33,74
16,2018/4/16,«·∂»Œ€»æ,104,256,68,151,9,48,0.66,80
17,2018/4/17,«·∂»Œ€»æ,142,350,97,217,9,40,0.81,100
18,2018/4/18,«·∂»Œ€»æ,144,354,107,208,9,45,0.86,93
19,2018/4/19,÷–∂»Œ€»æ,170,361,123,192,8,52,1.01,116
20,2018/4/20,÷–∂»Œ€»æ,173,360,123,157,13,41,1.4,145
21,2018/4/21,«·∂»Œ€»æ,102,350,72,49,3,36,1.03,67
22,2018/4/22,”≈,35,12,9,18,2,18,0.38,67
23,2018/4/23,”≈,41,67,15,32,2,24,0.41,76
24,2018/4/24,”≈,45,109,17,36,3,36,0.42,68
25,2018/4/25,¡º,61,138,30,62,3,43,0.46,81
26,2018/4/26,«·∂»Œ€»æ,118,345,88,110,7,49,0.76,94
27,2018/4/27,«·∂»Œ€»æ,111,326,41,169,3,39,0.58,87
28,2018/4/28,«·∂»Œ€»æ,129,330,86,165,9,53,0.76,112
29,2018/4/29,÷–∂»Œ€»æ,196,355,151,175,7,61,1.07,103
30,2018/4/30,¡º,62,149,28,69,4,23,0.65,85
0,2018/3/1,”≈,48,63,14,48,3,15,0.38,75
1,2018/3/2,¡º,99,318,73,99,17,52,1.08,41
2,2018/3/3,÷ÿ∂»Œ€»æ,217,357,167,195,19,75,1.94,29
3,2018/3/4,«·∂»Œ€»æ,135,344,61,198,7,37,0.89,38
4,2018/3/5,¡º,92,345,47,132,8,43,0.93,37
5,2018/3/6,¡º,65,261,45,65,10,40,0.95,44
6,2018/3/7,¡º,64,238,44,61,8,48,0.78,34
7,2018/3/8,¡º,61,212,42,58,5,35,0.73,59
8,2018/3/9,«·∂»Œ€»æ,136,344,101,112,12,68,1.3,35
9,2018/3/10,÷–∂»Œ€»æ,165,343,123,136,15,64,1.53,60
10,2018/3/11,¡º,83,210,60,69,16,47,1.33,51
11,2018/3/12,÷–∂»Œ€»æ,183,343,141,147,11,72,1.7,43
12,2018/3/13,—œ÷ÿŒ€»æ,289,358,238,9,10,93,2.08,71
13,2018/3/14,—œ÷ÿŒ€»æ,293,362,242,0,16,80,2.61,54
14,2018/3/15,¡º,69,189,26,48,3,17,0.46,75
15,2018/3/16,¡º,57,199,31,63,6,29,0.59,62
16,2018/3/17,¡º,82,294,58,35,4,60,0.93,18
17,2018/3/18,«·∂»Œ€»æ,135,337,102,21,2,54,1.02,41
18,2018/3/19,«·∂»Œ€»æ,101,289,73,29,3,45,0.78,51
19,2018/3/20,”≈,44,92,22,39,3,32,0.48,61
20,2018/3/21,¡º,78,298,56,79,8,53,0.84,38
21,2018/3/22,«·∂»Œ€»æ,114,329,85,103,7,65,0.96,47
22,2018/3/23,«·∂»Œ€»æ,146,332,110,137,10,86,1.36,31
23,2018/3/24,«·∂»Œ€»æ,117,302,85,84,9,60,1.12,63
24,2018/3/25,¡º,76,159,53,91,6,56,0.63,70
25,2018/3/26,÷–∂»Œ€»æ,155,348,117,141,11,70,0.99,78
26,2018/3/27,÷ÿ∂»Œ€»æ,245,363,194,195,11,98,1.37,64
27,2018/3/28,—œ÷ÿŒ€»æ,388,361,154,858,5,52,0.89,56
28,2018/3/29,«·∂»Œ€»æ,115,295,44,178,12,45,0.86,51
29,2018/3/30,¡º,68,139,39,81,7,50,0.59,60
30,2018/3/31,«·∂»Œ€»æ,128,320,96,148,12,80,1.05,56
0,2018/2/1,¡º,67,72,30,83,10,39,0.78,39
1,2018/2/2,”≈,35,5,7,29,4,11,0.36,67
2,2018/2/3,”≈,28,1,7,20,4,19,0.4,55
3,2018/2/4,”≈,37,10,17,34,7,33,0.57,43
4,2018/2/5,”≈,32,6,6,17,3,14,0.34,64
5,2018/2/6,¡º,61,109,41,53,12,51,0.9,29
6,2018/2/7,¡º,63,79,32,53,8,34,0.73,54
7,2018/2/8,¡º,69,84,48,68,11,54,0.96,32
8,2018/2/9,¡º,90,125,41,109,8,36,0.81,47
9,2018/2/10,”≈,41,9,9,41,3,12,0.36,67
10,2018/2/11,¡º,64,103,8,78,3,6,0.28,73
11,2018/2/12,¡º,52,58,10,55,4,13,0.38,66
12,2018/2/13,¡º,80,210,55,77,13,58,1.2,29
13,2018/2/14,”≈,43,18,14,35,3,19,0.44,69
14,2018/2/15,¡º,62,102,37,48,13,19,0.52,70
15,2018/2/16,«·∂»Œ€»æ,105,151,75,97,14,23,0.61,64
16,2018/2/17,«·∂»Œ€»æ,105,233,78,89,15,34,1.43,42
17,2018/2/18,«·∂»Œ€»æ,148,329,113,95,14,48,1.86,47
18,2018/2/19,÷–∂»Œ€»æ,185,348,140,75,23,44,2.18,52
19,2018/2/20,¡º,72,230,47,19,5,21,0.72,68
20,2018/2/21,¡º,51,147,32,41,7,26,0.66,60
21,2018/2/22,”≈,44,108,15,44,5,27,0.51,57
22,2018/2/23,”≈,48,112,20,48,5,30,0.63,53
23,2018/2/24,¡º,63,203,30,77,10,22,0.73,54
24,2018/2/25,¡º,75,222,54,66,10,42,0.88,41
25,2018/2/26,÷–∂»Œ€»æ,159,340,120,120,21,71,1.66,43
26,2018/2/27,÷ÿ∂»Œ€»æ,219,353,169,171,12,57,2.05,38
27,2018/2/28,«·∂»Œ€»æ,133,312,92,121,9,37,1.12,66
0,2018/1/1,¡º,55,42,35,65,11,46,1.23,23
1,2018/1/2,”≈,46,44,27,48,6,35,0.94,28
2,2018/1/3,”≈,29,21,10,26,4,20,0.44,44
3,2018/1/4,”≈,28,56,14,27,4,31,0.51,32
4,2018/1/5,¡º,51,127,30,52,8,51,0.95,20
5,2018/1/6,”≈,29,44,14,27,5,38,0.57,35
6,2018/1/7,¡º,56,170,37,57,10,46,0.92,27
7,2018/1/8,¡º,51,111,12,56,3,10,0.34,60
8,2018/1/9,”≈,37,28,6,32,2,12,0.35,58
9,2018/1/10,”≈,32,14,5,20,2,8,0.3,62
10,2018/1/11,”≈,30,5,10,21,4,22,0.47,46
11,2018/1/12,¡º,77,222,55,77,12,72,1.32,11
12,2018/1/13,«·∂»Œ€»æ,130,291,98,122,17,85,1.83,8
13,2018/1/14,÷–∂»Œ€»æ,177,327,136,151,13,77,1.91,23
14,2018/1/15,”≈,48,23,29,52,7,48,0.94,29
15,2018/1/16,«·∂»Œ€»æ,114,205,45,175,5,43,0.79,37
16,2018/1/17,¡º,77,80,43,106,9,51,1.09,31
17,2018/1/18,¡º,87,119,56,96,11,74,1.19,14
18,2018/1/19,«·∂»Œ€»æ,108,174,80,119,14,78,1.56,19
19,2018/1/20,¡º,61,84,30,73,9,51,0.88,24
20,2018/1/21,¡º,63,106,35,74,20,47,1.3,21
21,2018/1/22,”≈,45,53,23,47,4,28,0.7,45
22,2018/1/23,”≈,35,12,8,29,3,14,0.44,58
23,2018/1/24,”≈,36,18,15,30,4,28,0.48,52
24,2018/1/25,”≈,29,38,8,21,3,26,0.44,52
25,2018/1/26,”≈,39,81,24,36,7,43,0.6,34
26,2018/1/27,«·∂»Œ€»æ,105,307,78,92,14,71,1.48,9
27,2018/1/28,¡º,56,139,13,62,2,16,0.42,62
28,2018/1/29,¡º,55,106,8,61,3,18,0.37,59
29,2018/1/30,”≈,36,13,10,34,5,26,0.44,57
30,2018/1/31,¡º,61,93,19,70,6,28,0.47,54
0,2017/12/1,¡º,91,280,67,99,10,66,1.26,12
1,2017/12/2,÷–∂»Œ€»æ,187,344,144,177,15,103,2.24,5
2,2017/12/3,¡º,79,191,52,72,6,41,0.92,40
3,2017/12/4,”≈,28,2,5,21,1,15,0.34,53
4,2017/12/5,”≈,44,34,22,46,5,43,0.72,27
5,2017/12/6,”≈,49,30,23,53,6,41,0.78,32
6,2017/12/7,”≈,27,2,8,25,4,19,0.42,39
7,2017/12/8,”≈,41,23,20,43,5,40,0.73,23
8,2017/12/9,¡º,56,41,33,62,8,58,1.04,16
9,2017/12/10,”≈,43,19,6,45,2,13,0.28,61
10,2017/12/11,”≈,28,6,5,20,2,15,0.32,54
11,2017/12/12,”≈,28,7,12,25,3,30,0.55,27
12,2017/12/13,”≈,49,82,31,49,6,50,0.87,10
13,2017/12/14,¡º,94,249,70,85,18,68,1.76,6
14,2017/12/15,¡º,62,179,35,57,6,34,0.85,37
15,2017/12/16,”≈,40,69,7,39,1,10,0.32,58
16,2017/12/17,”≈,46,54,24,48,5,48,0.76,30
17,2017/12/18,”≈,48,32,13,49,3,21,0.44,47
18,2017/12/19,¡º,55,102,34,66,8,47,0.74,20
19,2017/12/20,”≈,44,18,21,44,4,40,0.65,36
20,2017/12/21,¡º,74,126,51,77,12,77,1.33,9
21,2017/12/22,¡º,62,50,36,63,9,55,1.07,29
22,2017/12/23,”≈,50,20,30,55,10,60,1.02,13
23,2017/12/24,”≈,50,33,14,50,3,17,0.42,59
24,2017/12/25,”≈,46,33,28,46,8,44,0.69,28
25,2017/12/26,”≈,41,32,22,42,6,45,0.73,31
26,2017/12/27,«·∂»Œ€»æ,101,176,75,91,10,69,1.45,7
27,2017/12/28,«·∂»Œ€»æ,140,240,105,120,11,68,1.86,10
28,2017/12/29,÷ÿ∂»Œ€»æ,221,292,172,194,6,85,2.9,6
29,2017/12/30,÷–∂»Œ€»æ,157,254,116,129,4,62,2.03,22
30,2017/12/31,¡º,55,40,29,62,5,47,0.83,21
0,2017/11/1,¡º,88,193,63,99,2,76,1.01,12
1,2017/11/2,¡º,75,113,50,84,5,55,0.91,27
2,2017/11/3,”≈,28,4,7,27,2,27,0.34,39
3,2017/11/4,¡º,56,102,33,60,3,51,0.73,22
4,2017/11/5,«·∂»Œ€»æ,131,329,98,118,5,67,1.23,17
5,2017/11/6,÷–∂»Œ€»æ,200,356,151,136,4,67,1.48,25
6,2017/11/7,«·∂»Œ€»æ,129,265,86,74,2,43,0.93,35
7,2017/11/8,”≈,41,53,18,42,5,48,0.79,19
8,2017/11/9,¡º,75,179,50,89,5,61,1.34,8
9,2017/11/10,”≈,40,28,9,39,2,15,0.31,49
10,2017/11/11,”≈,35,38,16,34,3,34,0.42,24
11,2017/11/12,¡º,75,253,53,89,5,61,0.97,7
12,2017/11/13,¡º,63,165,26,71,2,30,0.62,38
13,2017/11/14,”≈,30,10,9,27,2,23,0.44,39
14,2017/11/15,”≈,38,54,14,36,2,35,0.51,35
15,2017/11/16,¡º,76,213,55,83,9,69,1.29,10
16,2017/11/17,¡º,57,154,24,59,4,32,0.67,40
17,2017/11/18,¡º,54,224,34,54,5,31,0.58,38
18,2017/11/19,«·∂»Œ€»æ,115,346,86,114,8,69,1.27,8
19,2017/11/20,«·∂»Œ€»æ,135,342,101,128,10,83,1.82,11
20,2017/11/21,÷–∂»Œ€»æ,166,354,119,161,11,85,1.83,20
21,2017/11/22,”≈,35,45,7,33,2,16,0.33,52
22,2017/11/23,”≈,31,16,6,28,2,19,0.37,43
23,2017/11/24,”≈,40,49,18,44,5,31,0.53,33
24,2017/11/25,¡º,63,128,39,74,7,57,0.97,16
25,2017/11/26,”≈,36,27,10,27,2,22,0.39,49
26,2017/11/27,¡º,91,236,67,92,9,69,1.37,8
27,2017/11/28,¡º,75,127,39,78,4,39,0.86,36
28,2017/11/29,”≈,34,15,12,32,3,32,0.48,33
29,2017/11/30,”≈,45,116,22,46,6,41,0.68,28
0,2017/10/1,«·∂»Œ€»æ,111,352,73,91,1,47,0.75,52
1,2017/10/2,”≈,42,159,12,44,3,32,0.5,24
2,2017/10/3,”≈,34,109,15,33,1,32,0.43,23
3,2017/10/5,¡º,74,346,53,77,4,38,0.72,45
4,2017/10/6,¡º,91,353,67,89,5,47,0.78,43
5,2017/10/7,«·∂»Œ€»æ,146,361,109,131,2,71,1.11,11
6,2017/10/8,÷–∂»Œ€»æ,168,363,126,91,2,67,1.26,5
7,2017/10/9,”≈,45,179,29,10,2,29,0.64,20
8,2017/10/10,”≈,19,6,5,8,2,18,0.33,31
9,2017/10/11,”≈,22,15,10,20,2,26,0.41,22
10,2017/10/12,”≈,35,141,19,35,2,37,0.49,22
11,2017/10/13,¡º,53,234,35,53,1,45,0.75,22
12,2017/10/14,”≈,34,82,14,32,3,41,0.61,18
13,2017/10/15,¡º,64,266,46,52,2,38,1.01,21
14,2017/10/16,¡º,56,237,38,51,3,39,0.92,29
15,2017/10/17,¡º,92,319,68,80,2,46,1.19,25
16,2017/10/18,¡º,90,326,67,22,2,44,1.18,17
17,2017/10/19,¡º,74,261,53,20,1,36,1.16,24
18,2017/10/20,«·∂»Œ€»æ,123,325,93,47,2,44,1.36,25
19,2017/10/21,«·∂»Œ€»æ,103,308,75,57,2,36,1.31,36
20,2017/10/22,¡º,54,115,37,47,3,41,0.89,16
21,2017/10/23,”≈,49,91,34,43,2,36,0.66,24
22,2017/10/24,¡º,90,263,66,76,2,44,0.91,30
23,2017/10/25,«·∂»Œ€»æ,141,350,106,58,2,52,1.27,16
24,2017/10/26,÷–∂»Œ€»æ,195,360,149,17,2,65,1.56,11
25,2017/10/27,÷ÿ∂»Œ€»æ,217,352,166,0,2,65,1.54,20
26,2017/10/28,¡º,78,172,47,48,1,26,0.66,38
27,2017/10/29,”≈,27,4,7,21,2,24,0.34,39
28,2017/10/30,”≈,40,31,17,41,3,44,0.53,24
29,2017/10/31,¡º,83,229,56,98,4,69,0.94,7
0,2017/9/1,÷–∂»Œ€»æ,177,366,134,149,2,38,1.39,71
1,2017/9/2,«·∂»Œ€»æ,148,366,109,118,2,32,1.16,79
2,2017/9/3,¡º,77,319,55,77,3,29,0.77,87
3,2017/9/4,«·∂»Œ€»æ,117,366,87,111,3,34,0.9,93
4,2017/9/5,¡º,67,295,39,59,2,33,0.65,51
5,2017/9/6,”≈,47,190,14,47,2,40,0.48,56
6,2017/9/7,¡º,85,333,42,97,2,46,0.72,102
7,2017/9/8,«·∂»Œ€»æ,139,364,106,134,2,58,1.08,51
8,2017/9/9,«·∂»Œ€»æ,110,352,78,115,2,31,1.12,148
9,2017/9/10,«·∂»Œ€»æ,121,364,90,104,3,40,1.14,56
10,2017/9/11,”≈,43,142,19,36,2,38,0.5,46
11,2017/9/12,”≈,50,128,19,55,1,41,0.5,59
12,2017/9/13,«·∂»Œ€»æ,101,348,70,120,5,56,1.07,94
13,2017/9/14,«·∂»Œ€»æ,125,365,86,125,4,47,1.03,89
14,2017/9/15,¡º,83,312,58,98,3,59,0.84,59
15,2017/9/16,«·∂»Œ€»æ,116,355,87,124,3,60,1.04,74
16,2017/9/17,”≈,36,39,10,30,2,32,0.37,53
17,2017/9/18,¡º,61,134,21,70,2,53,0.55,62
18,2017/9/19,”≈,47,97,12,48,2,44,0.44,42
19,2017/9/20,”≈,47,150,12,51,2,44,0.41,47
20,2017/9/21,¡º,88,308,55,115,7,73,0.94,66
21,2017/9/22,¡º,69,245,24,90,2,38,0.46,53
22,2017/9/23,«·∂»Œ€»æ,117,354,46,183,5,68,0.82,47
23,2017/9/24,¡º,100,347,59,146,4,54,0.97,84
24,2017/9/25,«·∂»Œ€»æ,103,345,75,129,7,45,1.44,79
25,2017/9/26,¡º,74,312,48,67,2,40,0.71,35
26,2017/9/27,¡º,53,238,26,58,3,47,0.92,14
27,2017/9/28,”≈,33,55,9,33,2,27,0.32,41
28,2017/9/29,¡º,74,288,40,95,3,67,0.72,34
29,2017/9/30,«·∂»Œ€»æ,144,361,107,155,4,66,1.11,56
0,2017/8/1,¡º,98,346,67,86,2,29,0.96,92
1,2017/8/2,¡º,51,234,33,50,3,24,1.04,47
2,2017/8/3,”≈,47,168,19,37,2,17,0.6,85
3,2017/8/4,¡º,68,254,20,43,2,34,0.54,92
4,2017/8/5,¡º,75,281,25,57,2,33,0.62,108
5,2017/8/6,¡º,53,167,16,33,2,27,0.47,87
6,2017/8/7,”≈,50,144,9,32,2,29,0.4,90
7,2017/8/8,¡º,96,353,27,67,2,37,0.64,121
8,2017/8/9,¡º,59,246,21,34,2,23,0.54,103
9,2017/8/10,¡º,90,327,62,83,2,31,0.75,106
10,2017/8/11,«·∂»Œ€»æ,123,358,89,98,2,36,1.14,88
11,2017/8/12,”≈,46,161,29,36,2,34,0.73,68
12,2017/8/13,¡º,60,277,39,50,2,34,0.87,49
13,2017/8/14,¡º,52,222,26,40,2,25,0.74,83
14,2017/8/15,¡º,77,317,52,73,3,30,0.91,94
15,2017/8/16,¡º,87,340,56,71,2,36,0.86,62
16,2017/8/17,”≈,48,176,21,34,2,26,0.67,73
17,2017/8/18,¡º,76,333,51,72,2,50,1.14,60
18,2017/8/19,¡º,64,299,41,50,2,31,1,75
19,2017/8/20,¡º,84,349,59,71,2,35,1.19,77
20,2017/8/21,«·∂»Œ€»æ,103,359,68,92,2,36,1.04,108
21,2017/8/22,«·∂»Œ€»æ,104,361,77,94,2,33,0.93,67
22,2017/8/23,”≈,48,177,10,28,2,25,0.51,81
23,2017/8/24,”≈,41,146,13,36,2,35,0.52,40
24,2017/8/25,”≈,38,102,8,34,2,35,0.41,38
25,2017/8/26,”≈,50,229,13,53,2,46,0.52,29
26,2017/8/27,”≈,35,81,16,27,2,27,0.52,55
27,2017/8/28,”≈,36,123,18,17,2,25,0.49,39
28,2017/8/29,”≈,43,207,14,45,3,34,0.47,41
29,2017/8/30,¡º,74,356,50,85,3,42,0.79,70
30,2017/8/31,«·∂»Œ€»æ,106,359,79,97,2,33,0.88,65
0,2017/7/1,«·∂»Œ€»æ,137,362,89,132,3,40,0.97,154
1,2017/7/2,÷–∂»Œ€»æ,157,362,93,122,6,31,1.08,157
2,2017/7/3,¡º,88,308,59,77,2,28,0.81,103
3,2017/7/4,¡º,73,270,48,55,2,37,0.8,88
4,2017/7/5,«·∂»Œ€»æ,117,363,82,92,2,36,1.02,116
5,2017/7/6,¡º,96,356,69,49,3,31,1.37,71
6,2017/7/7,¡º,65,274,31,38,2,18,0.73,113
7,2017/7/8,¡º,80,313,36,57,1,28,0.63,129
8,2017/7/9,«·∂»Œ€»æ,125,361,73,98,2,28,1.02,152
9,2017/7/10,¡º,80,301,24,52,2,30,0.5,124
10,2017/7/11,«·∂»Œ€»æ,118,344,43,88,3,40,0.78,171
11,2017/7/12,«·∂»Œ€»æ,136,363,73,131,3,38,0.92,165
12,2017/7/13,«·∂»Œ€»æ,101,343,65,93,3,24,0.74,131
13,2017/7/14,¡º,71,284,32,62,2,34,0.64,112
14,2017/7/15,¡º,71,302,34,45,2,26,0.89,111
15,2017/7/16,«·∂»Œ€»æ,110,365,63,84,2,34,1.11,123
16,2017/7/17,¡º,84,339,53,71,2,28,1.01,105
17,2017/7/18,¡º,87,344,62,80,2,26,0.89,91
18,2017/7/19,«·∂»Œ€»æ,101,351,73,83,2,24,0.75,101
19,2017/7/20,«·∂»Œ€»æ,127,361,96,113,2,29,0.78,104
20,2017/7/21,”≈,43,121,22,24,2,24,0.67,60
21,2017/7/22,”≈,37,60,21,35,2,29,0.61,46
22,2017/7/23,¡º,60,199,41,58,2,35,0.69,52
23,2017/7/24,¡º,60,206,40,57,2,38,0.76,26
24,2017/7/25,¡º,58,184,31,48,3,31,0.81,71
25,2017/7/26,”≈,41,60,21,33,2,29,0.68,62
26,2017/7/27,¡º,58,177,38,64,2,44,0.93,49
27,2017/7/28,¡º,54,156,26,57,2,41,0.71,62
28,2017/7/29,¡º,63,234,31,59,2,37,0.66,79
29,2017/7/30,¡º,83,306,36,66,2,33,0.65,104
30,2017/7/31,«·∂»Œ€»æ,128,356,75,100,2,34,0.92,143
0,2017/6/1,¡º,69,213,22,56,3,27,0.6,113
1,2017/6/2,¡º,59,175,22,65,11,36,0.94,53
2,2017/6/3,¡º,60,194,28,55,4,34,0.69,75
3,2017/6/4,¡º,95,354,45,89,9,47,0.63,111
4,2017/6/5,«·∂»Œ€»æ,108,361,63,113,15,59,0.91,119
5,2017/6/6,¡º,55,247,35,46,2,23,0.5,81
6,2017/6/7,¡º,78,302,45,53,2,29,0.6,85
7,2017/6/8,¡º,54,144,23,53,2,51,0.55,63
8,2017/6/9,¡º,89,289,28,88,4,50,0.59,103
9,2017/6/10,¡º,65,263,20,70,10,31,0.77,83
10,2017/6/11,¡º,79,298,31,83,6,46,0.64,88
11,2017/6/12,¡º,71,283,33,78,15,43,1.08,92
12,2017/6/13,¡º,68,255,39,62,4,41,0.81,98
13,2017/6/14,¡º,83,276,36,59,2,45,0.72,106
14,2017/6/15,«·∂»Œ€»æ,104,295,37,89,3,44,0.59,150
15,2017/6/16,«·∂»Œ€»æ,115,301,57,124,5,39,0.62,155
16,2017/6/17,«·∂»Œ€»æ,134,341,79,155,10,36,0.87,177
17,2017/6/18,«·∂»Œ€»æ,130,349,71,128,10,30,0.84,166
18,2017/6/19,¡º,91,317,35,58,2,25,0.57,146
19,2017/6/20,¡º,96,327,31,64,3,24,0.61,157
20,2017/6/21,«·∂»Œ€»æ,101,332,49,83,7,28,0.86,151
21,2017/6/22,¡º,58,225,31,27,1,23,0.77,94
22,2017/6/23,”≈,46,132,18,11,2,18,0.66,85
23,2017/6/24,”≈,40,115,19,26,2,19,0.5,77
24,2017/6/25,¡º,63,233,25,44,2,30,0.5,84
25,2017/6/26,¡º,69,224,22,45,1,34,0.44,104
26,2017/6/27,«·∂»Œ€»æ,135,356,69,106,5,39,0.79,150
27,2017/6/28,«·∂»Œ€»æ,138,359,94,124,7,40,1.17,154
28,2017/6/29,«·∂»Œ€»æ,108,332,59,86,5,30,0.82,152
29,2017/6/30,«·∂»Œ€»æ,127,359,71,111,2,36,0.84,159
0,2017/5/1,¡º,82,222,40,112,7,44,0.7,71
1,2017/5/2,¡º,95,293,57,129,9,50,0.95,105
2,2017/5/3,«·∂»Œ€»æ,104,324,72,121,8,47,0.85,79
3,2017/5/4,—œ÷ÿŒ€»æ,420,354,336,772,2,21,0.29,79
4,2017/5/5,—œ÷ÿŒ€»æ,256,312,185,438,3,21,0.31,64
5,2017/5/6,¡º,71,128,31,90,2,32,0.36,68
6,2017/5/7,¡º,64,113,26,75,3,40,0.4,78
7,2017/5/8,¡º,84,255,52,109,6,52,0.56,96
8,2017/5/9,¡º,81,280,45,97,6,25,0.51,107
9,2017/5/10,¡º,64,135,37,68,3,29,0.46,87
10,2017/5/11,¡º,91,271,28,130,3,30,0.32,69
11,2017/5/12,«·∂»Œ€»æ,109,303,42,166,4,23,0.39,90
12,2017/5/13,¡º,61,142,18,71,2,15,0.25,72
13,2017/5/14,”≈,47,52,11,37,2,15,0.28,87
14,2017/5/15,¡º,58,183,20,58,5,23,0.52,94
15,2017/5/16,¡º,87,342,40,88,8,28,0.59,126
16,2017/5/17,«·∂»Œ€»æ,118,358,58,111,8,34,0.68,151
17,2017/5/18,«·∂»Œ€»æ,144,356,79,143,9,50,0.82,169
18,2017/5/19,«·∂»Œ€»æ,145,351,83,152,8,39,0.79,153
19,2017/5/20,«·∂»Œ€»æ,115,331,54,124,8,37,0.7,131
20,2017/5/20,«·∂»Œ€»æ,115,331,54,124,8,37,0.7,131
21,2017/5/21,¡º,93,284,56,98,14,26,0.94,123
22,2017/5/22,¡º,62,241,42,60,7,33,1.15,40
23,2017/5/23,”≈,48,157,17,37,3,28,0.36,96
24,2017/5/24,¡º,54,176,16,51,2,41,0.38,77
25,2017/5/25,¡º,70,232,20,82,5,37,0.53,90
26,2017/5/26,¡º,90,289,43,94,8,48,0.58,110
27,2017/5/27,«·∂»Œ€»æ,110,312,65,116,19,45,1.29,154
28,2017/5/28,«·∂»Œ€»æ,150,359,87,137,15,34,1.36,167
29,2017/5/29,¡º,74,146,28,88,7,24,0.66,92
30,2017/5/30,¡º,69,169,39,68,2,36,0.64,91
31,2017/5/31,«·∂»Œ€»æ,117,331,65,105,3,43,0.75,115
0,2017/4/1,¡º,61,119,28,73,5,50,0.58,48
1,2017/4/2,¡º,90,262,66,110,12,70,1.07,48
2,2017/4/3,÷–∂»Œ€»æ,159,360,122,168,19,76,1.26,74
3,2017/4/4,÷–∂»Œ€»æ,175,363,134,155,20,63,1.14,62
4,2017/4/5,¡º,83,224,61,60,5,27,0.61,95
5,2017/4/6,«·∂»Œ€»æ,126,324,95,91,5,44,0.9,74
6,2017/4/7,«·∂»Œ€»æ,103,280,76,120,7,43,0.79,60
7,2017/4/8,«·∂»Œ€»æ,113,328,76,138,6,59,0.89,30
8,2017/4/9,¡º,86,349,63,100,6,45,0.88,46
9,2017/4/10,¡º,90,339,64,117,8,57,0.74,42
10,2017/4/11,¡º,61,204,27,66,3,31,0.38,62
11,2017/4/12,¡º,68,199,25,84,4,49,0.54,46
12,2017/4/13,¡º,91,307,52,131,13,60,1.03,49
13,2017/4/14,¡º,93,317,58,131,5,65,0.85,45
14,2017/4/15,¡º,69,115,34,86,4,48,0.48,63
15,2017/4/16,«·∂»Œ€»æ,134,350,90,171,15,68,0.95,56
16,2017/4/17,÷–∂»Œ€»æ,180,354,125,215,7,54,0.95,57
17,2017/4/18,¡º,65,145,22,78,2,17,0.24,81
18,2017/4/19,¡º,83,230,41,113,6,67,0.8,20
19,2017/4/20,¡º,72,227,37,92,2,43,0.69,46
20,2017/4/21,¡º,55,141,16,56,2,20,0.29,74
21,2017/4/22,¡º,85,325,41,118,7,41,0.46,68
22,2017/4/23,¡º,60,116,22,71,3,21,0.37,86
23,2017/4/23,¡º,60,116,22,71,3,21,0.37,86
24,2017/4/24,¡º,70,168,33,82,4,30,0.5,73
25,2017/4/25,”≈,39,40,11,37,2,22,0.27,59
26,2017/4/26,”≈,43,88,13,38,2,27,0.33,64
27,2017/4/27,”≈,45,87,14,46,2,32,0.31,62
28,2017/4/28,¡º,58,110,21,65,2,36,0.39,67
29,2017/4/29,¡º,75,166,38,99,2,39,0.39,69
30,2017/4/30,«·∂»Œ€»æ,106,312,48,159,4,42,0.48,77
0,2017/3/1,”≈,44,28,7,37,2,13,0.32,79
1,2017/3/2,¡º,61,105,36,73,11,50,0.81,40
2,2017/3/3,«·∂»Œ€»æ,110,343,82,139,22,67,1.47,33
3,2017/3/4,«·∂»Œ€»æ,112,273,83,107,24,68,1.54,47
4,2017/3/5,”≈,45,35,14,33,4,19,0.38,73
5,2017/3/6,”≈,44,54,16,44,5,34,0.61,48
6,2017/3/7,”≈,36,12,6,24,2,12,0.3,70
7,2017/3/8,”≈,35,15,9,29,2,20,0.39,68
8,2017/3/9,”≈,35,11,11,32,3,33,0.45,53
9,2017/3/10,¡º,55,85,30,60,10,59,0.79,41
10,2017/3/11,¡º,74,190,45,81,15,47,0.83,51
11,2017/3/12,”≈,41,43,6,27,2,11,0.26,79
12,2017/3/13,”≈,37,48,9,26,4,27,0.4,63
13,2017/3/14,”≈,42,74,17,44,6,38,0.52,52
14,2017/3/15,¡º,84,295,61,91,20,65,1.13,40
15,2017/3/16,«·∂»Œ€»æ,149,361,112,153,23,86,1.35,39
16,2017/3/17,÷–∂»Œ€»æ,159,354,120,159,18,68,1.07,46
17,2017/3/18,÷–∂»Œ€»æ,184,359,140,168,14,65,1.13,67
18,2017/3/19,—œ÷ÿŒ€»æ,272,366,221,249,31,78,2.02,79
19,2017/3/20,÷–∂»Œ€»æ,184,363,142,146,18,72,1.34,39
20,2017/3/21,«·∂»Œ€»æ,113,322,85,91,5,45,0.77,50
21,2017/3/22,÷–∂»Œ€»æ,173,359,131,170,17,77,1.21,39
22,2017/3/23,÷–∂»Œ€»æ,163,355,124,91,6,57,1.63,38
23,2017/3/24,¡º,82,263,59,0,2,46,0.96,34
24,2017/3/25,¡º,55,127,34,25,3,34,0.8,47
25,2017/3/26,”≈,36,14,11,26,2,20,0.33,70
26,2017/3/27,”≈,37,6,15,32,2,30,0.4,61
27,2017/3/28,¡º,80,220,56,90,8,50,0.65,52
28,2017/3/29,«·∂»Œ€»æ,145,353,110,133,9,61,0.86,55
29,2017/3/30,«·∂»Œ€»æ,119,311,88,131,14,54,1.14,46
30,2017/3/31,”≈,48,86,18,47,3,30,0.4,66
0,2017/2/1,¡º,54,125,30,49,12,24,0.6,56
1,2017/2/2,«·∂»Œ€»æ,107,264,80,101,29,58,1.53,31
2,2017/2/3,÷–∂»Œ€»æ,196,327,154,181,43,83,2.57,25
3,2017/2/4,—œ÷ÿŒ€»æ,294,358,247,280,49,92,3.23,33
4,2017/2/5,”≈,32,6,12,16,6,23,0.46,64
5,2017/2/6,”≈,35,14,12,23,6,26,0.47,55
6,2017/2/7,«·∂»Œ€»æ,101,322,75,93,20,59,1.51,17
7,2017/2/8,¡º,60,221,32,50,6,26,0.73,56
8,2017/2/9,”≈,36,24,6,20,2,10,0.3,73
9,2017/2/10,”≈,38,23,6,22,2,13,0.31,74
10,2017/2/11,¡º,62,86,42,66,17,43,0.87,45
11,2017/2/12,«·∂»Œ€»æ,138,306,104,132,41,76,2.28,23
12,2017/2/13,«·∂»Œ€»æ,109,229,79,104,23,66,2.06,32
13,2017/2/14,÷ÿ∂»Œ€»æ,225,338,176,190,30,95,2.89,12
14,2017/2/15,—œ÷ÿŒ€»æ,283,358,232,209,35,105,3.16,22
15,2017/2/16,«·∂»Œ€»æ,145,289,107,71,18,54,1.44,47
16,2017/2/17,”≈,45,39,20,37,6,27,0.52,59
17,2017/2/18,«·∂»Œ€»æ,111,255,83,119,25,71,1.58,25
18,2017/2/19,«·∂»Œ€»æ,150,277,97,143,24,61,1.41,43
19,2017/2/20,”≈,39,15,10,31,4,23,0.42,62
20,2017/2/21,¡º,83,308,60,77,14,58,1.32,17
21,2017/2/22,«·∂»Œ€»æ,106,313,76,50,6,40,1.08,41
22,2017/2/23,”≈,36,43,16,28,6,29,0.59,60
23,2017/2/24,”≈,43,80,25,39,9,43,0.76,45
24,2017/2/25,”≈,30,27,10,21,5,29,0.47,58
25,2017/2/26,”≈,44,50,27,45,9,49,0.76,41
26,2017/2/27,¡º,87,219,64,93,16,75,1.42,27
27,2017/2/28,”≈,34,1,14,29,6,32,0.52,58
0,2017/1/1,—œ÷ÿŒ€»æ,454,365,430,501,8,131,6.43,4
1,2017/1/2,÷ÿ∂»Œ€»æ,220,296,161,246,12,92,3.14,24
2,2017/1/3,—œ÷ÿŒ€»æ,338,354,290,380,17,137,5.61,9
3,2017/1/4,—œ÷ÿŒ€»æ,393,360,344,452,18,145,7.28,8
4,2017/1/5,—œ÷ÿŒ€»æ,276,345,224,275,15,109,5.55,5
5,2017/1/6,÷ÿ∂»Œ€»æ,245,350,194,190,23,104,4.28,7
6,2017/1/7,÷ÿ∂»Œ€»æ,211,327,165,128,17,80,3.22,6
7,2017/1/8,¡º,54,104,36,22,9,33,0.97,42
8,2017/1/9,”≈,49,67,32,44,6,36,0.76,38
9,2017/1/10,”≈,44,71,23,40,6,32,0.64,45
10,2017/1/11,¡º,77,198,56,81,18,70,1.54,14
11,2017/1/12,¡º,59,148,39,57,11,46,0.88,38
12,2017/1/13,”≈,30,35,7,20,4,19,0.38,60
13,2017/1/14,”≈,35,39,18,37,10,41,0.8,32
14,2017/1/15,¡º,72,197,51,69,10,48,0.99,18
15,2017/1/16,«·∂»Œ€»æ,123,284,92,107,17,65,1.71,4
16,2017/1/17,÷–∂»Œ€»æ,176,311,132,144,20,71,2.11,10
17,2017/1/18,¡º,53,74,37,50,9,48,0.83,26
18,2017/1/19,¡º,85,161,45,88,13,36,1.17,39
19,2017/1/20,”≈,40,45,21,34,7,31,0.69,48
20,2017/1/21,¡º,53,58,25,49,9,28,0.78,48
21,2017/1/22,”≈,36,8,23,34,10,38,0.79,37
22,2017/1/23,”≈,46,35,32,44,12,45,0.98,29
23,2017/1/24,«·∂»Œ€»æ,114,239,85,100,27,73,2.04,15
24,2017/1/25,÷ÿ∂»Œ€»æ,221,314,171,186,38,91,3.22,14
25,2017/1/26,÷ÿ∂»Œ€»æ,203,289,159,196,25,62,2.66,33
26,2017/1/27,¡º,85,149,60,88,20,28,0.72,59
27,2017/1/28,—œ÷ÿŒ€»æ,364,359,337,419,81,69,2.62,16
28,2017/1/29,¡º,80,166,39,75,10,16,0.72,61
29,2017/1/30,”≈,47,101,24,31,9,19,0.56,62
30,2017/1/31,«·∂»Œ€»æ,102,310,75,86,27,40,1.26,45
0,2016/12/1,”≈,47,54,27,46,7,42,0.74,37
1,2016/12/2,«·∂»Œ€»æ,123,263,92,116,18,81,1.98,8
2,2016/12/3,÷ÿ∂»Œ€»æ,232,347,191,232,23,107,3.2,5
3,2016/12/4,—œ÷ÿŒ€»æ,291,355,246,301,17,102,3.57,9
4,2016/12/5,¡º,78,130,49,79,7,40,1.07,31
5,2016/12/6,«·∂»Œ€»æ,103,244,75,115,19,85,2.11,7
6,2016/12/7,÷–∂»Œ€»æ,159,309,120,159,21,94,2.56,8
7,2016/12/8,«·∂»Œ€»æ,132,229,91,125,10,54,1.79,34
8,2016/12/9,”≈,37,8,21,36,8,38,0.7,32
9,2016/12/10,¡º,67,98,46,70,14,62,1.39,11
10,2016/12/11,÷ÿ∂»Œ€»æ,204,346,159,193,31,97,3.21,5
11,2016/12/12,—œ÷ÿŒ€»æ,270,357,219,242,38,101,2.92,6
12,2016/12/13,¡º,78,182,56,60,9,50,1.25,26
13,2016/12/14,”≈,40,60,24,38,9,42,0.74,32
14,2016/12/15,¡º,51,83,25,51,9,40,0.85,31
15,2016/12/16,«·∂»Œ€»æ,135,274,101,134,20,87,2.07,8
16,2016/12/17,÷ÿ∂»Œ€»æ,229,351,184,211,30,102,3.14,5
17,2016/12/18,—œ÷ÿŒ€»æ,270,337,219,245,24,100,3.42,7
18,2016/12/19,—œ÷ÿŒ€»æ,265,306,214,247,22,107,3.88,7
19,2016/12/20,—œ÷ÿŒ€»æ,409,342,365,422,8,133,7.67,4
20,2016/12/21,—œ÷ÿŒ€»æ,429,363,393,429,10,152,7.97,4
21,2016/12/22,÷–∂»Œ€»æ,151,325,93,170,6,45,1.95,39
22,2016/12/23,”≈,47,55,31,42,7,43,0.74,26
23,2016/12/24,÷–∂»Œ€»æ,155,343,117,143,24,86,2.57,6
24,2016/12/25,÷–∂»Œ€»æ,191,353,145,167,27,94,2.81,4
25,2016/12/26,¡º,64,240,45,54,15,47,1.01,31
26,2016/12/27,¡º,54,155,35,53,8,41,0.81,31
27,2016/12/28,¡º,85,233,57,74,9,37,0.97,29
28,2016/12/29,¡º,75,166,54,79,11,49,1.02,19
29,2016/12/30,÷ÿ∂»Œ€»æ,249,351,201,245,19,96,3.17,4
30,2016/12/31,—œ÷ÿŒ€»æ,329,353,280,329,21,127,4.4,4
0,2016/11/1,¡º,62,236,40,67,7,51,0.69,17
1,2016/11/2,«·∂»Œ€»æ,132,335,99,139,9,76,1.36,12
2,2016/11/3,÷ÿ∂»Œ€»æ,227,358,182,225,8,100,2.37,7
3,2016/11/4,—œ÷ÿŒ€»æ,293,358,242,283,5,116,3.33,6
4,2016/11/5,÷ÿ∂»Œ€»æ,229,344,179,205,4,95,3.16,18
5,2016/11/6,¡º,96,157,71,91,8,53,1.17,24
6,2016/11/7,¡º,57,102,39,50,3,38,0.8,26
7,2016/11/8,¡º,55,180,34,59,6,48,0.8,17
8,2016/11/9,÷–∂»Œ€»æ,190,366,148,183,12,81,2.42,3
9,2016/11/10,÷–∂»Œ€»æ,170,343,130,155,6,62,1.31,13
10,2016/11/11,«·∂»Œ€»æ,104,305,77,117,6,60,1.55,8
11,2016/11/12,¡º,99,273,74,122,9,64,1.5,11
12,2016/11/13,«·∂»Œ€»æ,125,280,93,149,10,69,2.13,3
13,2016/11/14,¡º,78,150,42,80,3,34,0.94,37
14,2016/11/15,¡º,88,216,62,110,16,71,1.87,13
15,2016/11/16,«·∂»Œ€»æ,129,308,97,142,14,79,2.19,7
16,2016/11/17,÷–∂»Œ€»æ,151,313,114,159,21,70,2.56,3
17,2016/11/18,÷ÿ∂»Œ€»æ,239,346,188,279,19,85,3.75,2
18,2016/11/19,÷–∂»Œ€»æ,162,335,123,151,8,62,1.85,20
19,2016/11/20,¡º,73,214,52,59,3,41,1.14,9
20,2016/11/21,”≈,26,12,9,14,2,13,0.36,54
21,2016/11/22,”≈,28,40,7,20,3,18,0.39,47
22,2016/11/23,”≈,33,115,17,31,7,31,0.55,32
23,2016/11/24,¡º,94,282,67,93,16,64,1.33,13
24,2016/11/25,÷–∂»Œ€»æ,195,351,153,194,22,93,2.55,4
25,2016/11/26,—œ÷ÿŒ€»æ,306,366,254,356,21,112,3.35,7
26,2016/11/27,¡º,79,149,56,94,6,44,0.97,34
27,2016/11/28,¡º,81,163,58,95,16,73,1.57,8
28,2016/11/29,«·∂»Œ€»æ,128,288,96,142,25,79,2.57,3
29,2016/11/30,«·∂»Œ€»æ,123,289,89,127,14,65,2.15,22
0,2016/10/1,÷ÿ∂»Œ€»æ,214,362,165,195,9,81,1.33,57
1,2016/10/2,÷ÿ∂»Œ€»æ,234,360,183,191,5,69,1.37,66
2,2016/10/3,÷–∂»Œ€»æ,160,352,120,145,2,56,1.12,57
3,2016/10/4,¡º,56,175,33,53,3,33,1.05,21
4,2016/10/5,¡º,76,286,55,63,2,38,1.18,23
5,2016/10/6,¡º,97,343,72,86,3,46,1.62,5
6,2016/10/7,¡º,56,206,39,12,2,41,1.61,9
7,2016/10/8,”≈,29,35,11,22,2,22,0.41,41
8,2016/10/9,¡º,55,215,31,59,3,49,0.68,14
9,2016/10/10,«·∂»Œ€»æ,117,359,87,116,8,73,1.12,13
10,2016/10/11,÷–∂»Œ€»æ,154,361,116,129,6,63,1.4,26
11,2016/10/12,«·∂»Œ€»æ,103,320,77,98,5,60,1.17,21
12,2016/10/13,÷–∂»Œ€»æ,193,361,150,173,4,70,1.48,33
13,2016/10/14,—œ÷ÿŒ€»æ,292,367,241,284,5,88,1.95,29
14,2016/10/15,÷ÿ∂»Œ€»æ,241,364,190,218,3,83,1.91,3
15,2016/10/16,÷–∂»Œ€»æ,158,362,119,29,2,58,1.05,20
16,2016/10/17,¡º,83,290,59,78,2,49,0.85,26
17,2016/10/18,÷–∂»Œ€»æ,154,348,117,153,5,69,1.73,6
18,2016/10/19,—œ÷ÿŒ€»æ,276,365,225,244,4,78,2.21,16
19,2016/10/20,«·∂»Œ€»æ,126,342,94,94,6,51,1.45,13
20,2016/10/21,¡º,60,265,42,20,2,37,0.81,18
21,2016/10/22,”≈,24,25,14,13,2,27,0.55,19
22,2016/10/23,”≈,45,210,26,46,2,40,0.59,17
23,2016/10/24,¡º,88,341,60,106,2,55,1.09,3
24,2016/10/25,«·∂»Œ€»æ,128,356,96,131,2,70,1.42,4
25,2016/10/26,¡º,76,299,43,80,2,47,0.79,21
26,2016/10/27,¡º,52,219,30,52,4,48,1,6
27,2016/10/28,”≈,28,35,10,22,2,27,0.39,31
28,2016/10/29,¡º,51,211,23,56,4,44,0.54,19
29,2016/10/30,¡º,66,275,43,80,5,42,0.75,23
30,2016/10/31,”≈,29,15,8,22,2,16,0.3,45
0,2016/9/1,”≈,33,71,7,30,2,28,0.33,45
1,2016/9/2,”≈,33,39,11,32,2,30,0.39,25
2,2016/9/3,”≈,42,54,18,39,2,31,0.43,64
3,2016/9/4,«·∂»Œ€»æ,112,337,80,102,4,43,1.04,91
4,2016/9/5,”≈,49,101,27,38,2,29,0.51,72
5,2016/9/6,”≈,38,55,17,36,3,37,0.5,37
6,2016/9/7,¡º,73,299,41,63,5,37,0.68,87
7,2016/9/8,”≈,41,75,20,40,2,41,0.57,48
8,2016/9/9,”≈,40,79,17,38,2,39,0.5,37
9,2016/9/10,”≈,38,90,15,39,2,39,0.46,46
10,2016/9/11,¡º,53,179,32,44,2,28,0.77,77
11,2016/9/12,”≈,47,111,31,43,2,32,0.74,64
12,2016/9/13,«·∂»Œ€»æ,115,355,86,93,2,49,1.01,64
13,2016/9/14,«·∂»Œ€»æ,136,359,101,112,3,46,1.04,76
14,2016/9/15,¡º,96,328,69,82,3,40,0.83,88
15,2016/9/16,÷–∂»Œ€»æ,183,365,133,144,3,36,1.15,99
16,2016/9/17,¡º,61,240,41,43,2,34,0.77,37
17,2016/9/18,”≈,32,52,22,14,2,27,0.57,16
18,2016/9/19,”≈,27,9,10,20,2,31,0.41,33
19,2016/9/20,”≈,39,32,18,36,2,40,0.51,45
20,2016/9/21,¡º,89,312,63,95,4,73,0.95,21
21,2016/9/22,«·∂»Œ€»æ,132,359,99,122,6,53,1.04,53
22,2016/9/23,÷–∂»Œ€»æ,160,364,121,63,2,42,1.11,97
23,2016/9/24,«·∂»Œ€»æ,147,358,111,129,3,49,1.06,90
24,2016/9/25,÷ÿ∂»Œ€»æ,210,363,162,153,3,48,1.5,68
25,2016/9/26,¡º,80,255,58,57,2,41,1.15,46
26,2016/9/27,”≈,44,95,24,32,2,23,0.61,41
27,2016/9/28,”≈,30,54,13,29,2,32,0.38,33
28,2016/9/29,¡º,76,324,51,80,4,55,0.63,44
29,2016/9/30,«·∂»Œ€»æ,128,354,97,130,6,70,0.9,67
0,2016/8/1,¡º,90,354,66,68,2,27,1.18,94
1,2016/8/2,¡º,85,352,49,43,2,28,1,91
2,2016/8/3,«·∂»Œ€»æ,101,355,53,67,2,30,0.89,120
3,2016/8/4,«·∂»Œ€»æ,135,362,99,104,2,31,1.4,131
4,2016/8/5,¡º,90,352,64,74,2,26,0.84,92
5,2016/8/6,«·∂»Œ€»æ,133,365,99,116,2,31,0.96,95
6,2016/8/7,”≈,43,146,18,20,2,16,0.62,83
7,2016/8/8,¡º,62,302,30,42,2,23,0.77,88
8,2016/8/9,¡º,84,348,44,64,5,35,1.14,107
9,2016/8/10,«·∂»Œ€»æ,109,357,82,93,2,25,0.94,98
10,2016/8/11,«·∂»Œ€»æ,114,365,85,101,2,25,0.95,90
11,2016/8/12,¡º,84,349,59,72,2,34,0.85,44
12,2016/8/13,”≈,36,81,21,34,2,37,0.67,22
13,2016/8/14,”≈,50,200,18,42,2,34,0.6,79
14,2016/8/15,”≈,42,130,20,35,2,27,0.6,63
15,2016/8/16,¡º,53,194,22,37,2,29,0.58,77
16,2016/8/17,¡º,82,324,59,74,2,53,0.95,30
17,2016/8/18,¡º,99,353,74,3,2,38,1.6,29
18,2016/8/19,”≈,39,99,17,23,2,22,0.9,71
19,2016/8/20,¡º,89,359,52,64,2,34,1.03,99
20,2016/8/21,«·∂»Œ€»æ,107,361,51,71,2,37,0.92,126
21,2016/8/22,¡º,88,343,51,70,3,30,0.93,108
22,2016/8/23,¡º,93,343,69,89,5,38,0.9,81
23,2016/8/24,«·∂»Œ€»æ,106,351,79,96,3,45,1.03,83
24,2016/8/25,”≈,43,101,19,27,2,23,0.42,56
25,2016/8/26,”≈,31,23,9,23,2,28,0.37,52
26,2016/8/27,”≈,39,65,14,36,2,36,0.44,40
27,2016/8/28,”≈,34,18,10,28,2,31,0.31,53
28,2016/8/29,”≈,48,80,17,43,2,40,0.46,61
29,2016/8/30,¡º,70,238,28,62,2,44,0.59,92
30,2016/8/31,”≈,41,79,16,37,2,37,0.43,54
0,2016/7/1,”≈,48,218,12,26,2,21,0.38,87
1,2016/7/2,¡º,90,341,43,59,2,35,0.64,102
2,2016/7/3,«·∂»Œ€»æ,108,353,77,103,7,42,0.93,114
3,2016/7/4,÷–∂»Œ€»æ,178,363,130,123,4,31,1.23,124
4,2016/7/5,«·∂»Œ€»æ,134,359,92,90,4,27,0.98,132
5,2016/7/6,«·∂»Œ€»æ,124,357,74,96,4,33,0.91,142
6,2016/7/7,÷–∂»Œ€»æ,151,364,109,124,7,31,1.23,152
7,2016/7/8,«·∂»Œ€»æ,126,359,91,105,5,32,1.19,111
8,2016/7/9,«·∂»Œ€»æ,114,356,80,85,3,31,0.79,112
9,2016/7/10,«·∂»Œ€»æ,139,363,92,95,3,27,0.81,121
10,2016/7/11,«·∂»Œ€»æ,119,356,87,100,6,27,0.71,118
11,2016/7/12,¡º,56,229,31,43,3,27,0.58,67
12,2016/7/13,¡º,56,240,18,35,2,29,0.51,92
13,2016/7/14,¡º,62,269,34,61,3,40,0.81,89
14,2016/7/15,”≈,50,228,34,28,2,27,0.68,66
15,2016/7/16,¡º,51,189,35,41,2,35,0.73,52
16,2016/7/17,«·∂»Œ€»æ,107,342,75,85,2,40,1.1,111
17,2016/7/18,«·∂»Œ€»æ,141,358,106,120,3,49,1.25,85
18,2016/7/19,«·∂»Œ€»æ,125,361,93,58,2,43,1.22,41
19,2016/7/20,¡º,57,267,35,3,2,17,0.73,49
20,2016/7/21,”≈,38,102,23,28,2,24,0.81,38
21,2016/7/22,«·∂»Œ€»æ,103,354,75,47,2,28,1.05,86
22,2016/7/23,÷–∂»Œ€»æ,163,364,120,108,2,33,1.18,95
23,2016/7/24,¡º,90,337,63,67,2,29,0.88,92
24,2016/7/25,¡º,66,248,42,49,2,28,0.8,62
25,2016/7/26,”≈,46,106,17,33,2,20,0.57,89
26,2016/7/27,¡º,97,356,46,69,2,32,0.74,119
27,2016/7/28,¡º,77,275,47,59,2,27,0.67,112
28,2016/7/29,÷–∂»Œ€»æ,163,364,123,135,2,27,1.36,145
29,2016/7/30,÷–∂»Œ€»æ,199,365,132,209,2,29,1.6,71
30,2016/7/31,¡º,73,297,53,42,2,28,1.01,71
0,2016/6/1,¡º,71,283,34,70,4,38,0.64,92
1,2016/6/2,«·∂»Œ€»æ,106,354,51,85,7,48,0.73,124
2,2016/6/3,«·∂»Œ€»æ,114,355,79,121,19,59,1.17,128
3,2016/6/4,«·∂»Œ€»æ,138,363,87,122,15,36,0.87,155
4,2016/6/5,«·∂»Œ€»æ,120,361,73,105,12,37,0.85,134
5,2016/6/6,«·∂»Œ€»æ,127,361,84,104,6,32,0.87,140
6,2016/6/7,¡º,87,302,57,69,2,25,0.82,106
7,2016/6/8,÷–∂»Œ€»æ,160,364,122,97,2,34,1.18,125
8,2016/6/9,÷–∂»Œ€»æ,163,366,100,84,5,31,0.99,143
9,2016/6/10,¡º,94,337,51,39,2,18,0.65,120
10,2016/6/11,”≈,42,114,9,22,2,19,0.34,78
11,2016/6/12,«·∂»Œ€»æ,116,362,67,75,6,33,0.99,120
12,2016/6/13,¡º,66,238,44,32,2,27,0.6,86
13,2016/6/14,¡º,54,158,34,17,2,23,0.59,73
14,2016/6/15,”≈,49,146,17,31,2,27,0.49,92
15,2016/6/16,¡º,61,187,24,51,2,43,0.53,73
16,2016/6/17,¡º,52,118,22,54,2,41,0.51,56
17,2016/6/18,¡º,87,292,38,69,3,43,0.66,104
18,2016/6/19,«·∂»Œ€»æ,112,347,57,86,3,37,0.72,134
19,2016/6/20,«·∂»Œ€»æ,145,365,88,107,4,27,0.99,157
20,2016/6/21,«·∂»Œ€»æ,135,363,84,96,2,29,0.86,139
21,2016/6/22,¡º,94,338,54,72,2,30,0.71,133
22,2016/6/23,«·∂»Œ€»æ,108,364,76,103,5,34,1.05,106
23,2016/6/24,”≈,38,118,13,29,2,28,0.58,61
24,2016/6/25,”≈,41,132,16,32,2,26,0.35,78
25,2016/6/26,¡º,88,307,39,74,4,39,0.5,113
26,2016/6/27,¡º,83,299,58,88,6,38,0.68,111
27,2016/6/28,¡º,94,334,69,30,2,31,0.68,68
28,2016/6/29,«·∂»Œ€»æ,145,362,110,24,2,32,0.87,87
29,2016/6/30,¡º,100,340,60,40,2,31,0.7,104
0,2016/5/1,÷ÿ∂»Œ€»æ,242,363,192,179,23,42,2.25,147
1,2016/5/2,¡º,80,271,50,99,2,18,0.49,69
2,2016/5/3,¡º,56,129,24,64,2,25,0.41,60
3,2016/5/4,¡º,53,73,28,57,3,46,0.52,61
4,2016/5/5,¡º,95,295,54,117,13,44,0.94,79
5,2016/5/6,«·∂»Œ€»æ,130,299,64,197,2,11,0.22,83
6,2016/5/7,”≈,49,113,20,43,2,24,0.27,83
7,2016/5/8,¡º,90,341,59,107,14,44,0.73,82
8,2016/5/9,¡º,58,169,34,62,4,35,0.51,55
9,2016/5/10,¡º,62,183,39,64,3,34,0.53,88
10,2016/5/11,÷–∂»Œ€»æ,191,357,145,171,11,34,1.08,124
11,2016/5/12,¡º,67,115,37,37,3,25,0.5,66
12,2016/5/13,¡º,58,126,31,59,5,40,0.58,63
13,2016/5/14,¡º,58,165,37,32,2,34,0.53,62
14,2016/5/15,¡º,56,227,33,22,2,33,0.5,41
15,2016/5/16,¡º,55,106,22,53,2,41,0.47,60
16,2016/5/17,«·∂»Œ€»æ,103,356,54,101,9,48,0.59,117
17,2016/5/18,«·∂»Œ€»æ,103,318,58,98,7,33,0.52,131
18,2016/5/19,«·∂»Œ€»æ,139,354,83,109,13,36,0.74,164
19,2016/5/20,«·∂»Œ€»æ,142,349,87,111,18,45,1.05,149
20,2016/5/21,«·∂»Œ€»æ,122,347,67,86,16,42,0.83,130
21,2016/5/22,¡º,100,341,45,82,6,40,0.62,139
22,2016/5/23,«·∂»Œ€»æ,107,351,78,116,18,51,1.09,107
23,2016/5/24,¡º,54,114,19,41,2,21,0.34,99
24,2016/5/25,¡º,58,159,13,35,4,24,0.32,96
25,2016/5/26,¡º,59,182,21,57,2,28,0.32,82
26,2016/5/27,¡º,84,306,46,104,11,47,0.62,99
27,2016/5/28,¡º,96,337,47,86,9,36,0.66,121
28,2016/5/29,¡º,66,227,31,66,4,27,0.44,103
29,2016/5/30,«·∂»Œ€»æ,127,357,79,145,14,48,1.06,148
30,2016/5/31,¡º,95,301,49,115,10,34,0.87,83
0,2016/4/1,«·∂»Œ€»æ,106,265,39,142,5,25,0.46,65
1,2016/4/2,”≈,37,23,7,27,2,15,0.27,72
2,2016/4/3,”≈,47,78,17,50,2,23,0.31,69
3,2016/4/4,¡º,96,340,70,109,10,46,0.58,68
4,2016/4/5,«·∂»Œ€»æ,149,359,112,152,17,49,0.97,80
5,2016/4/6,÷–∂»Œ€»æ,175,355,136,171,30,67,1.97,53
6,2016/4/7,«·∂»Œ€»æ,133,339,86,139,4,43,1.07,55
7,2016/4/8,¡º,67,202,21,83,4,28,0.34,72
8,2016/4/9,÷–∂»Œ€»æ,167,335,72,244,10,53,0.7,48
9,2016/4/10,«·∂»Œ€»æ,123,327,52,193,12,40,0.78,58
10,2016/4/11,¡º,76,221,39,100,8,39,0.58,60
11,2016/4/12,«·∂»Œ€»æ,102,302,76,76,5,56,0.76,36
12,2016/4/13,÷–∂»Œ€»æ,161,344,118,148,6,62,0.94,51
13,2016/4/14,¡º,74,168,30,96,2,24,0.33,81
14,2016/4/15,¡º,81,233,55,97,15,57,1,47
15,2016/4/16,¡º,64,239,32,78,2,19,0.34,60
16,2016/4/17,”≈,43,63,14,33,2,14,0.28,81
17,2016/4/18,”≈,43,63,17,32,2,20,0.3,76
18,2016/4/19,¡º,97,343,70,99,18,63,1.29,30
19,2016/4/20,¡º,91,309,66,85,7,40,0.85,73
20,2016/4/21,«·∂»Œ€»æ,142,333,96,159,6,57,0.93,67
21,2016/4/22,¡º,80,225,33,108,2,19,0.24,87
22,2016/4/23,”≈,50,121,21,54,2,27,0.31,68
23,2016/4/24,«·∂»Œ€»æ,117,322,84,146,20,52,0.88,70
24,2016/4/25,«·∂»Œ€»æ,121,348,90,143,13,33,0.73,107
25,2016/4/26,«·∂»Œ€»æ,103,338,76,127,24,42,1.36,96
26,2016/4/27,«·∂»Œ€»æ,118,350,88,107,9,59,1.07,63
27,2016/4/28,«·∂»Œ€»æ,121,351,83,89,6,48,0.97,92
28,2016/4/29,÷–∂»Œ€»æ,157,357,119,149,15,59,1.29,94
29,2016/4/30,÷ÿ∂»Œ€»æ,209,365,159,181,9,60,1.42,129
0,2016/3/1,«·∂»Œ€»æ,150,357,114,126,28,79,1.87,23
1,2016/3/2,÷ÿ∂»Œ€»æ,206,353,159,175,30,103,2.46,27
2,2016/3/3,—œ÷ÿŒ€»æ,321,366,271,281,44,114,3.38,23
3,2016/3/4,—œ÷ÿŒ€»æ,376,364,326,277,46,113,4.38,11
4,2016/3/5,÷ÿ∂»Œ€»æ,207,314,59,306,2,19,0.38,66
5,2016/3/6,«·∂»Œ€»æ,114,187,69,177,24,64,1.45,19
6,2016/3/7,¡º,67,112,32,84,9,28,0.82,55
7,2016/3/8,”≈,35,13,9,25,2,13,0.35,67
8,2016/3/9,”≈,33,55,9,22,3,14,0.35,62
9,2016/3/10,”≈,46,156,10,47,3,15,0.35,64
10,2016/3/11,”≈,47,81,21,49,6,31,0.56,52
11,2016/3/12,«·∂»Œ€»æ,140,346,106,134,37,78,1.74,20
12,2016/3/13,¡º,54,102,29,46,8,31,0.64,64
13,2016/3/14,¡º,99,255,73,111,19,61,1.23,36
14,2016/3/15,÷–∂»Œ€»æ,176,354,135,189,44,76,1.54,25
15,2016/3/16,—œ÷ÿŒ€»æ,295,361,244,274,37,88,2.19,51
16,2016/3/17,—œ÷ÿŒ€»æ,338,362,287,291,30,99,2.25,49
17,2016/3/18,÷ÿ∂»Œ€»æ,220,342,181,132,12,64,1.51,60
18,2016/3/19,¡º,91,181,61,111,15,41,1.01,55
19,2016/3/20,¡º,86,188,62,103,9,58,0.98,42
20,2016/3/21,÷–∂»Œ€»æ,157,351,119,174,18,76,1.22,56
21,2016/3/22,÷–∂»Œ€»æ,155,353,107,202,24,73,1.39,34
22,2016/3/23,”≈,44,95,16,39,3,24,0.49,64
23,2016/3/24,”≈,34,35,11,23,2,27,0.41,60
24,2016/3/25,”≈,38,19,15,31,3,32,0.44,59
25,2016/3/26,”≈,36,8,11,29,3,25,0.39,64
26,2016/3/27,”≈,41,15,14,40,4,32,0.38,57
27,2016/3/28,«·∂»Œ€»æ,139,356,69,188,15,65,0.8,38
28,2016/3/29,¡º,61,63,17,69,4,28,0.39,68
29,2016/3/30,¡º,55,50,26,68,7,37,0.54,61
30,2016/3/31,÷–∂»Œ€»æ,199,358,150,240,33,72,1.45,62
0,2016/2/1,”≈,27,41,12,22,8,28,0.56,48
1,2016/2/2,”≈,38,40,26,31,14,43,0.85,39
2,2016/2/3,”≈,50,39,34,44,18,52,1.16,29
3,2016/2/4,”≈,31,3,12,23,7,21,0.47,61
4,2016/2/5,”≈,38,35,9,30,5,14,0.36,67
5,2016/2/6,”≈,45,44,27,38,11,30,0.71,51
6,2016/2/7,¡º,66,93,40,68,18,34,0.9,45
7,2016/2/8,÷–∂»Œ€»æ,198,277,190,250,53,35,1.01,44
8,2016/2/9,¡º,56,53,40,48,18,37,1.05,46
9,2016/2/10,«·∂»Œ€»æ,122,291,92,94,45,61,2.4,26
10,2016/2/11,÷ÿ∂»Œ€»æ,206,345,156,166,43,68,3.14,11
11,2016/2/12,÷–∂»Œ€»æ,192,330,147,99,18,54,2.2,24
12,2016/2/13,”≈,29,22,9,8,4,12,0.34,60
13,2016/2/14,”≈,34,77,6,14,3,10,0.35,66
14,2016/2/15,”≈,44,170,6,45,3,12,0.32,64
15,2016/2/16,”≈,39,59,7,37,4,15,0.31,63
16,2016/2/17,¡º,59,165,41,46,14,43,1,39
17,2016/2/18,”≈,41,16,14,31,5,21,0.42,66
18,2016/2/19,”≈,38,14,14,31,5,24,0.5,55
19,2016/2/20,”≈,36,14,14,21,5,18,0.42,61
20,2016/2/21,«·∂»Œ€»æ,101,244,75,95,23,52,1.39,28
21,2016/2/22,«·∂»Œ€»æ,104,265,71,90,16,41,1.15,43
22,2016/2/23,”≈,36,42,10,19,4,14,0.35,68
23,2016/2/24,”≈,49,95,25,44,8,32,0.74,44
24,2016/2/25,”≈,43,45,24,43,9,33,0.72,44
25,2016/2/26,¡º,54,107,34,55,12,36,0.74,49
26,2016/2/27,”≈,33,16,20,30,8,33,0.58,51
27,2016/2/28,¡º,56,90,29,48,7,31,0.74,49
28,2016/2/29,”≈,50,81,32,42,10,38,0.68,47
0,2016/1/1,÷ÿ∂»Œ€»æ,212,337,167,185,32,102,3.37,7
1,2016/1/2,—œ÷ÿŒ€»æ,303,351,253,272,34,120,4.54,9
2,2016/1/3,—œ÷ÿŒ€»æ,302,326,256,299,19,86,3.78,11
3,2016/1/4,¡º,62,86,42,24,5,32,1.03,45
4,2016/1/5,”≈,46,67,29,40,9,33,0.8,33
5,2016/1/6,”≈,45,70,25,47,10,34,0.93,32
6,2016/1/7,”≈,24,2,11,20,6,25,0.52,42
7,2016/1/8,”≈,46,62,29,43,11,37,0.92,34
8,2016/1/9,¡º,95,183,69,91,21,69,1.77,12
9,2016/1/10,¡º,73,155,49,78,20,55,1.52,22
10,2016/1/11,”≈,26,20,10,22,5,22,0.54,50
11,2016/1/12,”≈,29,19,12,27,7,27,0.63,44
12,2016/1/13,”≈,43,46,23,43,12,44,0.9,33
13,2016/1/14,¡º,89,197,65,89,24,66,1.81,21
14,2016/1/15,«·∂»Œ€»æ,123,248,93,119,32,80,2.48,12
15,2016/1/16,÷–∂»Œ€»æ,166,299,126,145,44,71,2.56,8
16,2016/1/17,¡º,62,136,41,42,9,29,0.89,47
17,2016/1/18,”≈,42,61,9,42,3,15,0.51,54
18,2016/1/19,¡º,80,168,56,82,20,58,1.55,18
19,2016/1/20,«·∂»Œ€»æ,149,339,112,136,52,76,3.33,6
20,2016/1/21,÷–∂»Œ€»æ,175,347,132,148,28,68,2.78,6
21,2016/1/22,”≈,45,119,17,35,4,16,0.64,55
22,2016/1/23,”≈,42,85,8,41,3,11,0.57,56
23,2016/1/24,¡º,52,144,11,54,5,20,0.58,49
24,2016/1/25,”≈,47,50,26,46,15,39,0.79,36
25,2016/1/26,¡º,56,85,30,55,16,33,0.74,41
26,2016/1/27,«·∂»Œ€»æ,122,295,91,100,35,73,2.03,13
27,2016/1/28,÷–∂»Œ€»æ,157,315,119,128,43,77,2.32,17
28,2016/1/29,¡º,89,229,65,84,35,55,1.83,16
29,2016/1/30,¡º,67,171,48,58,20,46,1.26,25
30,2016/1/31,”≈,33,29,16,27,8,26,0.58,50
0,2015/12/1,—œ÷ÿŒ€»æ,478,366,476,461,35,136,8.11,5
1,2015/12/2,”≈,36,24,18,16,3,17,0.5,43
2,2015/12/3,”≈,25,15,9,22,4,13,0.37,41
3,2015/12/4,”≈,36,59,21,34,9,33,0.72,31
4,2015/12/5,¡º,72,216,52,72,18,62,1.51,15
5,2015/12/6,÷–∂»Œ€»æ,176,340,135,159,30,90,2.74,6
6,2015/12/7,÷ÿ∂»Œ€»æ,233,336,182,201,28,90,3.5,5
7,2015/12/8,—œ÷ÿŒ€»æ,295,350,244,240,20,92,4.28,4
8,2015/12/9,—œ÷ÿŒ€»æ,297,350,246,17,32,93,3.6,5
9,2015/12/10,«·∂»Œ€»æ,138,278,109,1,15,51,1.95,27
10,2015/12/11,¡º,57,138,39,45,12,56,1.22,18
11,2015/12/12,«·∂»Œ€»æ,146,299,113,142,21,81,2.47,7
12,2015/12/13,÷ÿ∂»Œ€»æ,203,332,160,187,35,94,3.67,5
13,2015/12/14,«·∂»Œ€»æ,138,260,109,36,11,58,2.04,32
14,2015/12/15,”≈,26,5,6,9,3,13,0.39,51
15,2015/12/16,”≈,20,3,6,11,3,15,0.42,37
16,2015/12/17,¡º,66,241,47,62,15,53,1.36,13
17,2015/12/18,¡º,72,183,48,72,15,54,1.42,22
18,2015/12/19,÷–∂»Œ€»æ,162,316,122,152,28,83,3.04,8
19,2015/12/20,—œ÷ÿŒ€»æ,259,338,208,220,24,102,3.61,7
20,2015/12/21,—œ÷ÿŒ€»æ,280,325,229,234,23,104,3.98,8
21,2015/12/22,—œ÷ÿŒ€»æ,351,347,308,304,29,104,5.41,7
22,2015/12/23,—œ÷ÿŒ€»æ,303,326,254,291,20,99,4.69,17
23,2015/12/24,÷–∂»Œ€»æ,151,274,117,138,17,71,2.24,22
24,2015/12/25,—œ÷ÿŒ€»æ,468,366,463,464,12,135,6.97,7
25,2015/12/26,—œ÷ÿŒ€»æ,333,365,290,389,8,105,5.28,6
26,2015/12/27,¡º,65,146,47,31,11,51,1.11,14
27,2015/12/28,«·∂»Œ€»æ,141,293,107,119,21,75,2.27,7
28,2015/12/29,—œ÷ÿŒ€»æ,310,362,263,303,32,114,4.16,6
29,2015/12/30,«·∂»Œ€»æ,113,174,88,87,11,54,1.64,32
30,2015/12/31,¡º,86,127,58,83,15,67,1.67,14
0,2015/11/1,¡º,92,300,68,99,6,79,0.96,28
1,2015/11/2,«·∂»Œ€»æ,102,257,75,115,7,79,1.42,18
2,2015/11/3,÷–∂»Œ€»æ,184,344,141,168,15,83,1.82,29
3,2015/11/4,÷ÿ∂»Œ€»æ,250,366,199,221,14,101,1.95,13
4,2015/11/5,÷–∂»Œ€»æ,153,330,121,78,7,55,1.13,14
5,2015/11/6,”≈,29,32,20,1,2,27,0.57,29
6,2015/11/7,”≈,28,20,19,10,2,28,0.61,33
7,2015/11/8,¡º,77,236,56,47,3,43,0.92,21
8,2015/11/9,÷–∂»Œ€»æ,160,334,121,118,3,56,1.61,3
9,2015/11/10,÷–∂»Œ€»æ,166,340,125,79,3,54,1.56,3
10,2015/11/11,«·∂»Œ€»æ,131,297,99,31,4,52,1.79,6
11,2015/11/12,÷–∂»Œ€»æ,190,336,147,97,5,58,2.43,2
12,2015/11/13,—œ÷ÿŒ€»æ,256,364,205,142,14,68,3.06,2
13,2015/11/14,—œ÷ÿŒ€»æ,309,364,258,172,16,79,3.56,5
14,2015/11/15,÷ÿ∂»Œ€»æ,241,362,192,122,12,68,3.19,14
15,2015/11/16,¡º,78,250,57,43,8,50,1.46,8
16,2015/11/17,¡º,88,315,64,84,6,43,1.67,7
17,2015/11/18,¡º,88,327,64,83,8,47,1.2,3
18,2015/11/19,¡º,100,328,74,0,2,43,1.44,2
19,2015/11/20,¡º,97,307,72,0,9,44,2.49,2
20,2015/11/21,¡º,59,170,41,4,7,40,2.17,2
21,2015/11/22,¡º,69,298,49,2,6,37,1.02,19
22,2015/11/23,”≈,43,155,29,13,10,26,0.74,37
23,2015/11/24,¡º,57,270,41,30,8,45,0.99,23
24,2015/11/25,¡º,72,286,50,34,9,37,1.13,26
25,2015/11/26,¡º,52,163,33,43,10,34,0.8,38
26,2015/11/27,÷ÿ∂»Œ€»æ,232,361,183,161,34,84,2.6,7
27,2015/11/28,—œ÷ÿŒ€»æ,303,361,252,237,41,99,3.76,7
28,2015/11/29,—œ÷ÿŒ€»æ,291,354,240,272,38,102,4.73,10
29,2015/11/30,—œ÷ÿŒ€»æ,364,358,339,337,23,121,5.71,7
0,2015/10/1,”≈,33,27,13,22,2,23,0.34,43
1,2015/10/2,¡º,58,139,27,66,3,44,0.6,37
2,2015/10/3,¡º,56,128,25,65,3,45,0.64,44
3,2015/10/4,«·∂»Œ€»æ,136,336,103,145,8,72,1.26,47
4,2015/10/5,—œ÷ÿŒ€»æ,263,361,212,217,8,75,1.69,83
5,2015/10/6,—œ÷ÿŒ€»æ,335,364,281,189,7,77,1.93,94
6,2015/10/7,—œ÷ÿŒ€»æ,315,364,265,96,7,74,1.81,64
7,2015/10/8,”≈,31,31,9,25,2,20,0.3,41
8,2015/10/9,”≈,41,77,14,38,2,27,0.35,37
9,2015/10/10,”≈,23,8,7,18,2,13,0.27,43
10,2015/10/11,”≈,30,29,9,23,2,18,0.31,58
11,2015/10/12,”≈,36,35,14,35,3,40,0.45,38
12,2015/10/13,¡º,56,84,30,65,5,61,0.71,37
13,2015/10/14,«·∂»Œ€»æ,124,280,93,131,14,88,1.83,29
14,2015/10/15,«·∂»Œ€»æ,137,291,103,128,8,85,1.43,56
15,2015/10/16,÷ÿ∂»Œ€»æ,237,353,191,211,12,103,1.96,71
16,2015/10/17,—œ÷ÿŒ€»æ,342,366,291,179,13,114,2.46,49
17,2015/10/18,¡º,79,201,53,44,6,43,0.84,33
18,2015/10/19,¡º,79,171,51,96,6,56,0.81,23
19,2015/10/20,«·∂»Œ€»æ,103,254,75,112,8,64,1.4,6
20,2015/10/21,¡º,69,132,49,36,2,39,0.95,13
21,2015/10/22,”≈,43,38,29,33,2,40,0.71,13
22,2015/10/23,¡º,71,131,51,64,2,51,0.86,14
23,2015/10/24,¡º,77,176,55,73,5,50,1.06,22
24,2015/10/25,¡º,59,141,35,66,7,59,0.92,9
25,2015/10/26,¡º,61,148,30,47,2,28,0.51,34
26,2015/10/27,”≈,40,61,13,41,2,32,0.44,32
27,2015/10/28,”≈,19,3,6,16,2,18,0.3,41
28,2015/10/29,”≈,25,4,6,21,2,16,0.3,48
29,2015/10/30,”≈,41,80,20,44,3,41,0.61,22
30,2015/10/31,¡º,60,221,38,64,4,54,0.81,20
0,2015/9/1,”≈,27,30,9,13,2,17,0.5,45
1,2015/9/2,”≈,26,34,8,14,2,17,0.43,52
2,2015/9/3,”≈,39,99,13,25,2,18,0.48,70
3,2015/9/4,¡º,84,324,44,78,2,24,1.48,62
4,2015/9/5,”≈,40,104,16,11,2,20,0.66,74
5,2015/9/6,”≈,36,65,16,27,2,26,0.51,66
6,2015/9/7,¡º,51,154,23,41,2,35,0.65,68
7,2015/9/8,¡º,78,299,49,78,5,49,0.87,82
8,2015/9/9,¡º,55,187,35,52,2,40,0.73,51
9,2015/9/10,”≈,18,1,7,13,2,26,0.41,27
10,2015/9/11,”≈,22,10,7,11,2,23,0.38,42
11,2015/9/12,”≈,28,24,7,18,2,25,0.35,47
12,2015/9/13,”≈,47,98,17,47,2,41,0.54,54
13,2015/9/14,¡º,90,344,62,101,9,54,0.85,71
14,2015/9/15,«·∂»Œ€»æ,135,363,102,126,13,56,1.14,97
15,2015/9/16,÷–∂»Œ€»æ,164,361,124,136,7,58,1.21,89
16,2015/9/17,÷–∂»Œ€»æ,194,363,146,163,8,61,1.27,91
17,2015/9/18,«·∂»Œ€»æ,109,331,76,56,2,45,0.87,66
18,2015/9/19,”≈,33,48,15,32,2,47,0.48,22
19,2015/9/20,«·∂»Œ€»æ,113,352,84,103,10,42,0.97,118
20,2015/9/21,«·∂»Œ€»æ,130,348,98,130,15,63,1.2,81
21,2015/9/22,÷–∂»Œ€»æ,178,366,137,130,10,59,1.46,52
22,2015/9/23,”≈,44,109,29,37,2,41,0.69,51
23,2015/9/24,«·∂»Œ€»æ,133,341,97,106,4,51,1.15,55
24,2015/9/25,”≈,41,101,19,25,2,35,0.54,41
25,2015/9/26,¡º,56,179,30,65,5,44,0.64,59
26,2015/9/27,¡º,72,254,46,79,3,54,0.75,58
27,2015/9/28,¡º,64,246,44,49,3,42,1.13,39
28,2015/9/29,¡º,60,232,43,31,2,42,1.11,11
29,2015/9/30,”≈,41,103,28,16,2,36,0.68,24
0,2015/8/1,¡º,88,337,65,77,2,44,1.22,53
1,2015/8/2,¡º,94,343,69,57,2,26,1.14,82
2,2015/8/3,¡º,91,346,64,44,3,30,1.09,46
3,2015/8/4,¡º,60,252,17,45,3,30,0.51,96
4,2015/8/5,¡º,98,344,62,95,3,39,0.96,84
5,2015/8/6,¡º,88,346,53,77,2,28,0.76,106
6,2015/8/7,«·∂»Œ€»æ,132,365,92,107,3,32,1.07,98
7,2015/8/8,¡º,65,270,36,51,2,31,0.68,93
8,2015/8/9,¡º,98,345,52,78,2,34,0.78,117
9,2015/8/10,¡º,76,330,40,67,2,37,0.7,100
10,2015/8/11,«·∂»Œ€»æ,140,358,91,121,5,35,1.42,122
11,2015/8/12,«·∂»Œ€»æ,124,346,76,120,4,32,1.03,148
12,2015/8/13,÷–∂»Œ€»æ,170,364,119,160,6,38,1.24,158
13,2015/8/14,¡º,88,285,58,88,3,31,0.8,92
14,2015/8/15,¡º,57,198,22,48,3,33,0.56,84
15,2015/8/16,«·∂»Œ€»æ,110,323,33,83,5,38,0.7,147
16,2015/8/17,«·∂»Œ€»æ,131,339,78,176,7,38,1,127
17,2015/8/18,¡º,83,264,50,87,2,32,0.77,106
18,2015/8/19,¡º,75,308,49,63,2,35,0.75,89
19,2015/8/20,¡º,66,296,33,51,2,24,0.61,100
20,2015/8/21,¡º,55,165,12,31,2,22,0.43,99
21,2015/8/22,”≈,40,49,14,31,3,20,0.58,71
22,2015/8/23,”≈,44,82,23,35,3,21,0.82,67
23,2015/8/24,”≈,33,33,12,24,2,19,0.46,62
24,2015/8/25,”≈,33,32,13,23,2,21,0.46,58
25,2015/8/26,”≈,36,35,10,21,2,21,0.44,64
26,2015/8/27,”≈,32,30,9,22,2,22,0.44,61
27,2015/8/28,”≈,41,79,15,31,2,23,0.47,72
28,2015/8/29,¡º,70,241,26,47,2,20,0.6,117
29,2015/8/30,”≈,45,101,26,35,2,23,0.94,68
30,2015/8/31,”≈,39,70,25,26,2,23,0.7,55
0,2015/7/1,”≈,41,99,18,39,2,34,0.43,46
1,2015/7/2,”≈,29,15,8,20,4,29,0.33,47
2,2015/7/3,¡º,72,265,23,59,9,33,0.89,96
3,2015/7/4,¡º,61,211,32,59,5,44,0.72,58
4,2015/7/5,«·∂»Œ€»æ,106,352,62,71,9,36,0.99,115
5,2015/7/6,«·∂»Œ€»æ,119,355,68,75,10,33,1.1,130
6,2015/7/7,«·∂»Œ€»æ,115,339,67,85,7,32,0.88,131
7,2015/7/8,÷–∂»Œ€»æ,173,360,126,132,7,34,1.15,129
8,2015/7/9,«·∂»Œ€»æ,127,343,72,92,10,36,0.83,128
9,2015/7/10,¡º,96,323,49,82,8,32,0.68,120
10,2015/7/11,«·∂»Œ€»æ,148,366,102,125,9,34,1.05,140
11,2015/7/12,÷–∂»Œ€»æ,170,363,107,158,5,46,0.92,146
12,2015/7/13,«·∂»Œ€»æ,112,326,49,83,2,43,0.62,150
13,2015/7/14,«·∂»Œ€»æ,103,301,35,65,4,30,0.6,149
14,2015/7/15,¡º,62,183,34,61,3,46,0.62,87
15,2015/7/16,¡º,54,141,36,47,2,29,0.67,80
16,2015/7/17,”≈,48,116,33,41,2,30,0.74,58
17,2015/7/18,¡º,72,269,48,31,2,25,0.78,94
18,2015/7/19,¡º,87,328,64,33,2,31,0.87,71
19,2015/7/20,«·∂»Œ€»æ,111,354,83,48,2,31,0.88,66
20,2015/7/21,÷–∂»Œ€»æ,184,363,140,75,2,26,0.99,119
21,2015/7/22,¡º,95,328,60,40,2,31,0.68,94
22,2015/7/23,¡º,61,249,38,40,2,43,0.77,58
23,2015/7/24,¡º,80,311,46,72,2,43,0.84,71
24,2015/7/25,«·∂»Œ€»æ,120,355,84,99,2,37,0.98,117
25,2015/7/26,«·∂»Œ€»æ,145,360,101,119,3,30,0.97,127
26,2015/7/27,«·∂»Œ€»æ,111,344,77,99,2,32,0.91,118
27,2015/7/28,¡º,76,300,47,39,2,26,0.75,102
28,2015/7/29,«·∂»Œ€»æ,108,350,80,86,2,33,0.89,115
29,2015/7/30,¡º,68,298,42,48,2,26,0.89,83
30,2015/7/31,”≈,50,192,24,31,2,24,0.64,93
0,2015/6/1,«·∂»Œ€»æ,128,323,87,166,14,46,1,138
1,2015/6/2,¡º,63,212,29,62,4,25,0.54,77
2,2015/6/3,¡º,79,319,32,100,6,35,0.52,85
3,2015/6/4,¡º,81,302,50,89,6,54,3.42,49
4,2015/6/5,¡º,71,241,48,51,5,45,6.82,41
5,2015/6/6,¡º,68,193,25,61,3,31,5.01,89
6,2015/6/7,”≈,42,85,13,32,3,29,2.59,53
7,2015/6/8,”≈,42,116,18,34,3,35,0.45,61
8,2015/6/9,¡º,82,255,48,86,14,49,1.07,98
9,2015/6/10,¡º,100,296,72,71,4,33,1.11,75
10,2015/6/11,”≈,42,69,20,25,2,21,0.56,65
11,2015/6/12,”≈,36,30,7,22,3,21,0.41,70
12,2015/6/13,”≈,46,107,11,26,3,18,0.44,88
13,2015/6/14,¡º,56,169,19,36,3,28,0.5,95
14,2015/6/15,«·∂»Œ€»æ,130,344,84,120,15,39,1.24,144
15,2015/6/16,÷–∂»Œ€»æ,160,359,104,143,11,50,1.16,133
16,2015/6/17,¡º,79,258,41,65,2,34,0.75,111
17,2015/6/18,”≈,45,110,19,32,2,27,0.48,64
18,2015/6/19,”≈,35,41,14,33,2,24,0.5,50
19,2015/6/20,¡º,52,133,22,39,2,37,0.62,59
20,2015/6/21,¡º,94,319,41,73,4,39,0.62,127
21,2015/6/22,«·∂»Œ€»æ,136,355,89,117,16,38,1.09,144
22,2015/6/23,÷ÿ∂»Œ€»æ,234,366,181,178,15,39,1.66,151
23,2015/6/24,÷–∂»Œ€»æ,160,364,121,123,9,43,1.12,75
24,2015/6/25,÷–∂»Œ€»æ,164,365,124,111,6,50,1.05,70
25,2015/6/26,«·∂»Œ€»æ,145,364,105,22,2,23,0.89,133
26,2015/6/27,«·∂»Œ€»æ,124,348,88,51,4,32,0.83,101
27,2015/6/28,÷–∂»Œ€»æ,192,365,147,57,7,34,1.22,123
28,2015/6/29,÷–∂»Œ€»æ,154,365,118,39,5,41,1.09,52
29,2015/6/30,”≈,33,43,14,20,2,26,0.38,58
0,2015/5/1,÷–∂»Œ€»æ,162,358,125,140,12,45,1.06,67
1,2015/5/2,¡º,67,240,45,68,2,29,0.56,75
2,2015/5/3,¡º,86,277,41,95,2,24,0.42,75
3,2015/5/4,¡º,56,114,22,64,4,20,0.3,90
4,2015/5/5,¡º,75,183,43,93,7,36,0.48,74
5,2015/5/6,¡º,59,88,19,70,3,23,0.31,79
6,2015/5/7,¡º,90,229,41,128,6,36,0.55,75
7,2015/5/8,¡º,88,306,52,115,11,36,1.01,86
8,2015/5/9,¡º,57,155,39,51,6,32,1.03,44
9,2015/5/10,”≈,50,89,34,34,4,45,1.31,26
10,2015/5/11,”≈,42,73,24,19,2,30,0.82,45
11,2015/5/12,”≈,47,82,19,44,2,40,0.5,73
12,2015/5/13,¡º,95,313,56,133,3,65,0.77,70
13,2015/5/14,¡º,57,113,19,61,4,29,0.35,82
14,2015/5/15,”≈,47,96,22,47,2,25,0.38,88
15,2015/5/16,¡º,78,231,46,95,8,42,0.67,102
16,2015/5/17,÷–∂»Œ€»æ,167,358,126,182,15,42,1.15,111
17,2015/5/18,¡º,96,286,55,92,3,32,0.55,70
18,2015/5/19,¡º,51,116,11,49,2,16,0.27,81
19,2015/5/20,”≈,46,86,15,37,2,22,0.31,85
20,2015/5/21,¡º,71,236,33,83,5,42,0.51,89
21,2015/5/22,«·∂»Œ€»æ,103,332,52,89,11,41,0.76,144
22,2015/5/23,«·∂»Œ€»æ,142,352,94,139,15,53,0.99,136
23,2015/5/24,÷–∂»Œ€»æ,170,360,114,164,16,56,1.21,134
24,2015/5/25,÷–∂»Œ€»æ,155,349,101,165,23,46,1.15,168
25,2015/5/26,«·∂»Œ€»æ,143,330,87,148,18,38,0.91,158
26,2015/5/27,«·∂»Œ€»æ,135,312,91,141,11,33,0.86,150
27,2015/5/28,÷–∂»Œ€»æ,157,346,116,151,23,36,1.16,145
28,2015/5/29,¡º,95,311,61,93,5,42,0.8,92
29,2015/5/30,¡º,94,324,54,90,6,39,0.75,101
30,2015/5/31,«·∂»Œ€»æ,102,294,54,101,14,43,0.88,115
0,2015/4/1,¡º,81,267,58,78,4,48,0.72,36
1,2015/4/2,¡º,55,147,35,18,3,25,0.7,65
2,2015/4/3,”≈,50,88,28,40,3,26,0.57,88
3,2015/4/4,¡º,85,263,62,74,4,36,0.64,90
4,2015/4/5,¡º,91,269,53,98,2,29,0.46,66
5,2015/4/6,”≈,40,71,20,32,2,13,0.29,70
6,2015/4/7,”≈,43,106,22,39,3,22,0.35,68
7,2015/4/8,«·∂»Œ€»æ,129,344,97,123,12,48,0.85,51
8,2015/4/9,÷ÿ∂»Œ€»æ,210,349,161,189,16,58,1.19,57
9,2015/4/10,÷–∂»Œ€»æ,191,361,150,185,8,61,1.07,60
10,2015/4/11,÷–∂»Œ€»æ,182,359,141,76,16,46,1.75,73
11,2015/4/12,”≈,40,15,11,26,2,12,0.26,76
12,2015/4/13,¡º,53,63,26,38,2,22,0.37,96
13,2015/4/14,¡º,75,175,54,83,5,54,0.71,66
14,2015/4/15,÷ÿ∂»Œ€»æ,215,358,108,285,14,70,0.94,54
15,2015/4/16,«·∂»Œ€»æ,105,233,25,132,3,13,0.24,86
16,2015/4/17,«·∂»Œ€»æ,113,262,67,173,16,54,0.67,54
17,2015/4/18,÷–∂»Œ€»æ,181,360,137,272,26,88,1.5,48
18,2015/4/19,¡º,94,313,59,132,5,29,0.61,76
19,2015/4/20,¡º,93,326,66,112,6,43,0.78,62
20,2015/4/21,¡º,100,326,62,129,8,43,0.64,68
21,2015/4/22,¡º,76,232,43,100,8,48,0.61,70
22,2015/4/23,¡º,84,230,54,107,10,49,0.62,60
23,2015/4/24,«·∂»Œ€»æ,103,295,51,155,7,47,0.63,75
24,2015/4/25,«·∂»Œ€»æ,108,270,71,158,12,64,0.84,95
25,2015/4/26,«·∂»Œ€»æ,144,355,98,181,19,52,0.97,122
26,2015/4/27,«·∂»Œ€»æ,116,330,81,133,12,45,0.9,103
27,2015/4/28,¡º,63,111,43,68,5,38,0.71,85
28,2015/4/29,÷–∂»Œ€»æ,151,347,114,135,10,48,1.32,100
29,2015/4/30,÷–∂»Œ€»æ,159,342,114,146,11,43,1.07,123
0,2015/3/1,¡º,73,230,44,90,11,39,0.89,45
1,2015/3/2,¡º,86,238,53,82,17,44,1.36,43
2,2015/3/3,”≈,49,71,7,48,2,10,0.28,70
3,2015/3/4,”≈,42,62,24,41,12,30,0.64,49
4,2015/3/5,«·∂»Œ€»æ,144,356,110,129,46,59,1.56,34
5,2015/3/6,÷ÿ∂»Œ€»æ,246,360,195,217,59,82,2.15,28
6,2015/3/7,—œ÷ÿŒ€»æ,282,362,231,245,40,82,2.36,42
7,2015/3/8,÷–∂»Œ€»æ,170,347,128,148,21,52,1.43,44
8,2015/3/9,”≈,40,31,7,27,2,14,0.31,71
9,2015/3/10,”≈,48,85,29,45,12,38,0.75,50
10,2015/3/11,¡º,56,107,36,51,13,46,0.95,44
11,2015/3/12,¡º,83,198,61,78,20,59,1.17,46
12,2015/3/13,¡º,89,214,63,81,20,59,1.3,39
13,2015/3/14,«·∂»Œ€»æ,129,277,96,119,39,83,1.87,16
14,2015/3/15,«·∂»Œ€»æ,147,307,102,198,26,72,1.71,44
15,2015/3/16,—œ÷ÿŒ€»æ,255,355,207,294,32,85,2.02,18
16,2015/3/17,÷ÿ∂»Œ€»æ,226,358,182,222,15,57,1.7,52
17,2015/3/18,¡º,71,212,46,87,12,49,0.77,51
18,2015/3/19,«·∂»Œ€»æ,134,328,80,203,10,69,1.09,39
19,2015/3/20,«·∂»Œ€»æ,125,292,43,198,5,45,0.55,56
20,2015/3/21,¡º,77,178,18,103,3,27,0.35,66
21,2015/3/22,¡º,77,148,19,104,3,20,0.34,70
22,2015/3/23,¡º,66,153,34,84,6,43,0.69,46
23,2015/3/24,«·∂»Œ€»æ,106,315,76,122,28,67,1.82,45
24,2015/3/25,÷–∂»Œ€»æ,162,358,122,158,40,78,1.83,52
25,2015/3/26,«·∂»Œ€»æ,140,345,105,153,21,56,1.04,77
26,2015/3/27,«·∂»Œ€»æ,139,337,105,146,30,54,1.01,80
27,2015/3/28,÷–∂»Œ€»æ,188,352,63,276,8,33,0.53,68
28,2015/3/29,÷ÿ∂»Œ€»æ,202,336,74,282,17,66,1.05,51
29,2015/3/30,÷ÿ∂»Œ€»æ,220,355,148,337,29,62,1.4,73
30,2015/3/31,÷–∂»Œ€»æ,199,348,151,191,21,53,2.33,47
0,2015/2/1,«·∂»Œ€»æ,103,242,76,98,40,67,1.9,13
1,2015/2/2,÷–∂»Œ€»æ,183,334,139,155,56,86,2.46,11
2,2015/2/3,÷–∂»Œ€»æ,155,268,117,78,28,61,1.91,34
3,2015/2/4,”≈,36,16,10,32,9,19,0.38,61
4,2015/2/5,”≈,45,29,27,35,16,42,0.71,47
5,2015/2/6,¡º,88,164,65,78,29,72,1.78,24
6,2015/2/7,”≈,37,9,13,26,10,22,0.43,65
7,2015/2/8,”≈,44,35,23,31,16,29,0.58,50
8,2015/2/9,«·∂»Œ€»æ,143,334,108,126,47,78,1.9,17
9,2015/2/10,÷–∂»Œ€»æ,162,327,122,138,47,93,2.39,24
10,2015/2/11,¡º,62,52,41,56,22,43,1.01,52
11,2015/2/12,”≈,50,38,31,41,16,43,0.77,53
12,2015/2/13,÷–∂»Œ€»æ,157,287,120,131,33,83,2.14,24
13,2015/2/14,—œ÷ÿŒ€»æ,287,361,236,238,55,109,3.16,30
14,2015/2/15,—œ÷ÿŒ€»æ,335,363,284,307,78,113,4.41,16
15,2015/2/16,÷–∂»Œ€»æ,164,301,121,155,30,54,2.27,36
16,2015/2/17,”≈,42,19,21,41,9,28,0.53,54
17,2015/2/18,¡º,67,98,45,56,18,30,0.74,58
18,2015/2/19,—œ÷ÿŒ€»æ,265,354,217,248,54,41,1.49,39
19,2015/2/20,÷–∂»Œ€»æ,181,356,138,20,8,40,1.51,23
20,2015/2/21,—œ÷ÿŒ€»æ,279,363,152,172,8,31,1.63,31
21,2015/2/22,÷–∂»Œ€»æ,198,328,41,276,4,14,0.39,57
22,2015/2/23,¡º,94,256,55,113,20,33,0.79,41
23,2015/2/24,÷–∂»Œ€»æ,198,356,153,213,33,58,2.12,28
24,2015/2/25,«·∂»Œ€»æ,104,285,74,105,9,32,1.04,47
25,2015/2/26,”≈,31,27,12,22,6,18,0.39,61
26,2015/2/27,”≈,40,98,23,37,13,29,0.67,44
27,2015/2/28,÷–∂»Œ€»æ,162,358,123,126,7,40,1.28,21
0,2015/1/1,¡º,61,84,41,66,23,49,1.09,29
1,2015/1/2,¡º,69,172,48,78,30,58,1.28,23
2,2015/1/3,÷–∂»Œ€»æ,194,322,148,193,66,100,3.24,8
3,2015/1/4,÷ÿ∂»Œ€»æ,217,286,173,224,74,119,3.67,12
4,2015/1/5,÷–∂»Œ€»æ,154,216,106,156,57,70,2.89,30
5,2015/1/6,¡º,53,90,34,51,22,40,0.8,37
6,2015/1/7,¡º,85,215,61,89,38,64,1.77,14
7,2015/1/8,÷–∂»Œ€»æ,162,315,124,151,49,91,2.98,7
8,2015/1/9,¡º,99,170,73,92,32,61,1.57,28
9,2015/1/10,÷–∂»Œ€»æ,191,294,146,174,54,94,2.8,17
10,2015/1/11,¡º,56,66,37,55,18,46,0.89,33
11,2015/1/12,÷–∂»Œ€»æ,154,313,116,145,42,72,2.18,12
12,2015/1/13,÷ÿ∂»Œ€»æ,203,348,155,183,54,91,2.81,7
13,2015/1/14,—œ÷ÿŒ€»æ,264,359,213,250,54,100,3.09,4
14,2015/1/15,—œ÷ÿŒ€»æ,372,366,328,375,34,111,4.73,5
15,2015/1/16,«·∂»Œ€»æ,138,240,111,119,9,41,1.63,42
16,2015/1/17,¡º,83,131,59,71,29,57,1.2,25
17,2015/1/18,«·∂»Œ€»æ,112,207,68,109,29,51,1.49,35
18,2015/1/19,¡º,66,75,42,73,25,58,1.28,27
19,2015/1/20,«·∂»Œ€»æ,112,244,84,107,43,74,1.99,11
20,2015/1/21,”≈,33,5,19,23,15,32,0.63,43
21,2015/1/22,«·∂»Œ€»æ,129,254,97,120,39,79,2,13
22,2015/1/23,—œ÷ÿŒ€»æ,257,363,206,232,61,120,3.56,6
23,2015/1/24,«·∂»Œ€»æ,130,190,95,145,32,69,2,17
24,2015/1/25,÷–∂»Œ€»æ,175,250,134,99,15,60,1.74,11
25,2015/1/26,«·∂»Œ€»æ,136,191,102,106,10,42,1.67,30
26,2015/1/27,”≈,33,16,16,28,14,29,0.62,40
27,2015/1/28,¡º,52,163,36,47,21,49,1.04,24
28,2015/1/29,¡º,89,270,62,77,21,41,1.2,33
29,2015/1/30,”≈,27,5,11,21,12,25,0.53,48
30,2015/1/31,”≈,43,32,29,42,19,42,0.84,32
0,2014/12/1,¡º,55,40,9,56,6,18,0.46,43
1,2014/12/2,”≈,25,1,11,21,9,34,0.65,23
2,2014/12/3,¡º,56,47,7,63,5,14,0.3,58
3,2014/12/4,”≈,33,32,7,29,6,16,0.33,54
4,2014/12/5,”≈,42,26,24,44,16,40,0.76,34
5,2014/12/6,¡º,82,86,58,90,33,68,1.77,13
6,2014/12/7,¡º,74,58,49,77,27,48,1.46,24
7,2014/12/8,¡º,78,57,55,80,29,59,1.29,21
8,2014/12/9,—œ÷ÿŒ€»æ,267,184,216,280,64,108,4.8,4
9,2014/12/10,÷–∂»Œ€»æ,185,168,127,216,27,61,2.52,32
10,2014/12/11,”≈,39,4,19,38,15,31,0.57,41
11,2014/12/12,”≈,41,7,11,40,7,21,0.43,41
12,2014/12/13,¡º,64,29,38,74,22,46,1.04,25
13,2014/12/14,«·∂»Œ€»æ,108,106,79,120,41,75,1.7,17
14,2014/12/15,«·∂»Œ€»æ,108,78,63,116,26,44,1.48,37
15,2014/12/16,”≈,33,6,6,29,5,13,0.34,49
16,2014/12/17,¡º,94,150,66,110,31,62,1.54,17
17,2014/12/18,÷–∂»Œ€»æ,186,180,142,193,79,93,3.88,8
18,2014/12/19,¡º,57,15,31,54,14,32,0.96,43
19,2014/12/20,”≈,22,2,8,17,10,23,0.48,36
20,2014/12/21,”≈,39,14,15,36,13,29,0.61,35
21,2014/12/22,¡º,94,100,69,114,39,73,2.08,16
22,2014/12/23,¡º,99,58,73,110,48,76,2.43,13
23,2014/12/24,”≈,31,1,12,30,16,32,0.5,39
24,2014/12/25,”≈,42,3,27,43,22,53,1,28
25,2014/12/26,÷–∂»Œ€»æ,154,151,117,157,58,92,3.05,5
26,2014/12/27,÷ÿ∂»Œ€»æ,234,173,185,230,69,123,4.09,5
27,2014/12/28,÷–∂»Œ€»æ,160,129,120,186,50,91,2.77,20
28,2014/12/29,«·∂»Œ€»æ,134,99,96,165,41,83,2.76,19
29,2014/12/30,¡º,52,8,24,60,21,50,1.03,31
30,2014/12/31,”≈,46,58,5,49,6,10,0.28,54
0,2014/11/1,¡º,85,110,57,85,5,49,1.07,22
1,2014/11/2,”≈,29,4,7,25,3,24,0.34,44
2,2014/11/3,¡º,51,31,24,55,5,45,0.76,25
3,2014/11/4,«·∂»Œ€»æ,126,176,94,135,15,69,1.39,16
4,2014/11/5,«·∂»Œ€»æ,125,152,91,112,8,57,1.42,25
5,2014/11/6,”≈,34,6,9,22,2,24,0.36,46
6,2014/11/7,¡º,61,61,41,67,12,47,1.16,15
7,2014/11/8,¡º,91,138,67,85,8,56,1.48,17
8,2014/11/9,¡º,79,105,57,77,6,57,1.11,26
9,2014/11/10,¡º,92,80,67,87,8,66,1.34,17
10,2014/11/11,¡º,70,57,33,66,4,30,0.69,38
11,2014/11/12,”≈,42,31,5,41,2,10,0.22,62
12,2014/11/13,”≈,44,22,22,45,7,48,0.76,26
13,2014/11/14,¡º,54,18,33,60,15,56,1.03,17
14,2014/11/15,«·∂»Œ€»æ,124,145,93,137,32,84,2.05,5
15,2014/11/16,«·∂»Œ€»æ,105,100,74,108,15,55,1.58,28
16,2014/11/17,”≈,38,3,21,40,13,45,0.74,32
17,2014/11/18,¡º,78,42,55,93,28,69,1.72,10
18,2014/11/19,—œ÷ÿŒ€»æ,267,187,217,284,43,122,3.32,4
19,2014/11/20,—œ÷ÿŒ€»æ,342,186,291,360,29,135,3.72,4
20,2014/11/21,÷ÿ∂»Œ€»æ,215,152,176,225,20,108,2.69,13
21,2014/11/22,”≈,50,10,31,54,14,55,0.82,25
22,2014/11/23,÷–∂»Œ€»æ,155,140,117,164,22,91,2.36,3
23,2014/11/24,«·∂»Œ€»æ,103,137,75,112,15,72,1.75,13
24,2014/11/25,÷–∂»Œ€»æ,177,176,138,180,28,94,2.51,6
25,2014/11/26,—œ÷ÿŒ€»æ,279,185,228,283,37,118,3.55,4
26,2014/11/27,«·∂»Œ€»æ,101,133,72,108,11,57,1.2,26
27,2014/11/28,«·∂»Œ€»æ,113,158,80,149,22,72,1.65,12
28,2014/11/29,—œ÷ÿŒ€»æ,269,190,218,299,18,92,3.46,2
29,2014/11/30,÷ÿ∂»Œ€»æ,209,184,88,241,9,40,1.33,33
0,2014/10/1,¡º,91,166,66,77,4,57,0.97,3
1,2014/10/2,¡º,75,108,54,51,4,46,0.95,18
2,2014/10/3,«·∂»Œ€»æ,119,175,89,108,4,52,1.59,8
3,2014/10/4,«·∂»Œ€»æ,101,168,75,45,2,38,1.13,37
4,2014/10/5,”≈,48,18,29,40,2,29,0.7,38
5,2014/10/6,”≈,47,13,25,50,2,46,0.46,36
6,2014/10/7,÷–∂»Œ€»æ,179,179,139,181,12,86,1.29,46
7,2014/10/8,—œ÷ÿŒ€»æ,309,186,258,292,9,102,2.09,30
8,2014/10/9,—œ÷ÿŒ€»æ,380,187,331,354,5,92,2.29,34
9,2014/10/10,—œ÷ÿŒ€»æ,351,187,300,268,12,84,2.36,48
10,2014/10/11,÷ÿ∂»Œ€»æ,233,186,190,126,6,60,1.8,38
11,2014/10/12,”≈,25,2,6,8,2,22,0.25,45
12,2014/10/13,”≈,29,2,11,26,4,30,0.31,37
13,2014/10/14,¡º,72,58,43,90,7,61,0.69,28
14,2014/10/15,¡º,81,32,43,99,4,43,0.59,34
15,2014/10/16,¡º,73,60,33,93,7,54,0.63,28
16,2014/10/17,«·∂»Œ€»æ,127,142,93,176,11,104,1.21,23
17,2014/10/18,÷–∂»Œ€»æ,194,170,152,229,17,113,2,46
18,2014/10/19,—œ÷ÿŒ€»æ,289,188,238,307,12,118,2.39,31
19,2014/10/20,—œ÷ÿŒ€»æ,254,186,203,226,4,75,1.55,20
20,2014/10/21,¡º,67,55,33,81,19,56,1.21,18
21,2014/10/22,¡º,100,119,71,135,10,75,1.26,4
22,2014/10/23,÷–∂»Œ€»æ,154,162,116,175,12,87,1.56,6
23,2014/10/24,—œ÷ÿŒ€»æ,263,183,212,260,10,87,2.06,26
24,2014/10/25,—œ÷ÿŒ€»æ,341,187,291,327,6,88,2.45,24
25,2014/10/26,¡º,85,65,58,61,2,39,0.67,40
26,2014/10/27,”≈,50,12,24,58,7,52,0.63,20
27,2014/10/28,¡º,84,122,61,109,11,71,1,12
28,2014/10/29,«·∂»Œ€»æ,138,163,104,160,12,88,1.29,14
29,2014/10/30,÷ÿ∂»Œ€»æ,203,174,155,194,16,99,1.68,9
30,2014/10/31,÷ÿ∂»Œ€»æ,201,167,152,180,10,88,2.12,8
0,2014/9/1,«·∂»Œ€»æ,126,178,94,83,3,45,1.59,57
1,2014/9/2,”≈,36,24,19,14,2,30,0.83,58
2,2014/9/3,”≈,36,39,14,34,5,37,0.55,57
3,2014/9/4,¡º,70,117,40,86,4,66,0.86,48
4,2014/9/5,«·∂»Œ€»æ,120,166,86,137,8,51,1.03,104
5,2014/9/6,÷–∂»Œ€»æ,183,190,137,161,11,39,1.38,109
6,2014/9/7,÷–∂»Œ€»æ,196,189,150,182,9,43,1.26,92
7,2014/9/8,”≈,46,38,13,30,3,24,0.34,74
8,2014/9/9,¡º,75,127,35,82,5,48,0.65,84
9,2014/9/10,¡º,97,165,63,111,11,56,1.08,92
10,2014/9/11,«·∂»Œ€»æ,109,185,82,122,14,63,1.41,58
11,2014/9/12,¡º,98,185,72,53,3,50,0.96,42
12,2014/9/13,¡º,93,176,67,96,7,49,0.8,69
13,2014/9/14,¡º,69,158,41,76,3,47,0.54,35
14,2014/9/15,”≈,45,68,17,47,5,36,0.4,38
15,2014/9/16,¡º,71,166,38,91,4,66,0.6,19
16,2014/9/17,¡º,75,179,50,88,3,61,0.71,26
17,2014/9/18,¡º,88,174,62,94,3,58,0.73,59
18,2014/9/19,«·∂»Œ€»æ,102,175,76,113,5,61,0.88,53
19,2014/9/20,÷–∂»Œ€»æ,159,187,121,126,4,53,1.19,78
20,2014/9/21,«·∂»Œ€»æ,134,180,101,120,14,45,1.72,67
21,2014/9/22,«·∂»Œ€»æ,124,175,93,107,10,58,1.98,22
22,2014/9/23,¡º,66,125,47,22,2,40,1.08,14
23,2014/9/24,”≈,49,54,33,40,2,44,0.79,33
24,2014/9/25,«·∂»Œ€»æ,139,184,104,127,3,53,1.29,26
25,2014/9/26,÷–∂»Œ€»æ,162,181,122,100,8,62,1.58,21
26,2014/9/27,¡º,51,44,30,36,2,41,0.58,45
27,2014/9/28,¡º,84,139,56,107,8,67,1.23,18
28,2014/9/29,¡º,78,162,51,76,3,38,0.88,32
29,2014/9/30,”≈,48,76,23,51,7,39,0.62,24
0,2014/8/1,÷–∂»Œ€»æ,196,189,148,126,3,34,1.33,112
1,2014/8/2,÷–∂»Œ€»æ,164,185,124,131,2,39,1.07,111
2,2014/8/3,÷–∂»Œ€»æ,151,183,110,138,2,38,1.01,107
3,2014/8/4,”≈,50,32,31,42,2,36,0.61,38
4,2014/8/5,”≈,48,60,24,49,5,37,0.58,58
5,2014/8/6,¡º,59,89,31,63,2,46,0.58,66
6,2014/8/7,«·∂»Œ€»æ,114,190,61,92,10,44,1.13,124
7,2014/8/9,«·∂»Œ€»æ,133,189,81,123,8,41,1.08,125
8,2014/8/10,¡º,78,138,32,51,2,33,0.6,106
9,2014/8/11,¡º,51,53,23,48,2,39,0.48,80
10,2014/8/12,¡º,70,123,24,57,5,44,0.65,97
11,2014/8/13,”≈,45,54,25,35,2,34,0.61,59
12,2014/8/14,¡º,61,119,29,44,3,38,0.63,75
13,2014/8/15,¡º,73,108,33,65,4,47,0.61,89
14,2014/8/16,¡º,97,145,54,92,6,49,0.87,121
15,2014/8/17,¡º,96,174,52,87,4,31,0.78,136
16,2014/8/18,¡º,88,172,57,85,5,37,0.82,117
17,2014/8/19,«·∂»Œ€»æ,129,187,85,119,5,40,0.97,129
18,2014/8/20,«·∂»Œ€»æ,143,185,103,145,13,40,1.07,133
19,2014/8/21,÷–∂»Œ€»æ,178,188,126,168,8,48,1.15,120
20,2014/8/23,«·∂»Œ€»æ,142,184,106,138,4,54,1.09,114
21,2014/8/24,”≈,46,41,16,37,4,27,0.44,72
22,2014/8/25,”≈,45,33,16,42,3,36,0.45,64
23,2014/8/26,¡º,64,78,24,71,4,60,0.54,59
24,2014/8/27,¡º,90,167,47,106,7,59,0.7,101
25,2014/8/28,«·∂»Œ€»æ,104,177,77,119,6,53,0.91,94
26,2014/8/29,¡º,98,170,73,81,3,35,0.98,104
27,2014/8/30,÷–∂»Œ€»æ,170,189,128,147,4,58,1.53,43
28,2014/8/31,¡º,87,163,64,49,2,29,0.99,86
0,2014/7/1,«·∂»Œ€»æ,124,158,88,136,17,48,0.99,96
1,2014/7/2,¡º,84,148,55,57,2,27,0.87,100
2,2014/7/3,÷ÿ∂»Œ€»æ,238,189,189,111,4,39,1.28,83
3,2014/7/4,÷ÿ∂»Œ€»æ,237,189,186,118,4,39,1.26,102
4,2014/7/5,÷–∂»Œ€»æ,167,188,124,105,3,38,1.14,95
5,2014/7/6,—œ÷ÿŒ€»æ,253,190,202,154,8,35,1.35,108
6,2014/7/7,÷ÿ∂»Œ€»æ,210,187,165,185,8,40,1.17,114
7,2014/7/8,«·∂»Œ€»æ,150,179,105,123,8,40,0.86,75
8,2014/7/9,¡º,59,75,24,69,5,54,0.56,47
9,2014/7/10,¡º,78,109,27,80,8,42,0.51,95
10,2014/7/11,¡º,60,71,26,63,4,37,0.44,82
11,2014/7/12,”≈,49,58,12,37,2,32,0.32,86
12,2014/7/13,”≈,49,61,16,52,2,39,0.4,64
13,2014/7/14,¡º,91,123,26,63,4,42,0.52,110
14,2014/7/15,«·∂»Œ€»æ,111,182,49,110,6,28,0.6,162
15,2014/7/16,«·∂»Œ€»æ,117,178,86,107,4,43,0.8,64
16,2014/7/17,÷–∂»Œ€»æ,173,189,132,134,4,40,1.84,80
17,2014/7/18,÷–∂»Œ€»æ,185,190,141,109,6,37,1.63,121
18,2014/7/19,«·∂»Œ€»æ,116,179,81,101,2,32,0.75,109
19,2014/7/20,¡º,97,164,66,91,3,26,0.72,104
20,2014/7/21,¡º,51,60,26,42,4,23,0.48,71
21,2014/7/22,”≈,39,22,11,36,7,39,0.47,37
22,2014/7/23,¡º,63,116,25,74,5,59,0.71,41
23,2014/7/24,¡º,86,155,61,112,6,68,0.98,53
24,2014/7/25,«·∂»Œ€»æ,109,176,64,90,6,42,1.22,108
25,2014/7/26,÷–∂»Œ€»æ,155,180,94,135,10,41,1.18,143
26,2014/7/27,÷–∂»Œ€»æ,160,184,106,154,17,34,0.98,165
27,2014/7/28,÷–∂»Œ€»æ,168,189,121,155,8,32,0.94,133
28,2014/7/29,÷–∂»Œ€»æ,164,186,125,149,5,28,0.85,137
29,2014/7/30,÷–∂»Œ€»æ,160,189,119,68,2,28,1.35,104
30,2014/7/31,÷ÿ∂»Œ€»æ,244,190,193,72,3,35,1.62,104
0,2014/6/1,¡º,88,138,43,65,2,27,0.65,132
1,2014/6/2,¡º,62,98,27,46,2,29,0.47,104
2,2014/6/3,¡º,75,133,32,60,13,39,0.57,115
3,2014/6/4,¡º,98,156,54,90,8,46,0.87,121
4,2014/6/5,«·∂»Œ€»æ,111,148,60,102,10,46,0.83,132
5,2014/6/6,¡º,88,111,59,96,10,45,1.04,55
6,2014/6/7,”≈,37,20,9,26,2,27,0.35,64
7,2014/6/8,¡º,56,42,25,56,6,55,0.65,58
8,2014/6/9,¡º,58,79,27,53,6,42,0.59,75
9,2014/6/10,¡º,90,139,66,84,6,42,1.17,78
10,2014/6/11,¡º,69,89,38,38,2,30,0.7,78
11,2014/6/12,¡º,63,43,24,57,5,39,0.51,89
12,2014/6/13,¡º,100,105,50,88,7,44,0.87,90
13,2014/6/14,¡º,83,76,37,67,3,39,0.63,119
14,2014/6/15,«·∂»Œ€»æ,149,164,98,138,13,50,1.16,134
15,2014/6/16,÷–∂»Œ€»æ,167,174,126,150,3,41,1.01,120
16,2014/6/17,«·∂»Œ€»æ,120,161,81,99,3,33,0.89,114
17,2014/6/18,¡º,87,129,60,72,3,35,0.73,99
18,2014/6/19,÷–∂»Œ€»æ,158,181,120,132,5,44,1.16,91
19,2014/6/20,¡º,71,145,43,37,2,27,0.79,86
20,2014/6/21,¡º,100,176,65,62,4,33,0.96,83
21,2014/6/22,¡º,59,89,28,40,2,30,0.58,81
22,2014/6/23,¡º,64,80,23,44,2,37,0.47,90
23,2014/6/24,¡º,97,135,49,86,5,51,0.73,117
24,2014/6/25,«·∂»Œ€»æ,134,183,100,124,10,47,1.21,87
25,2014/6/26,÷–∂»Œ€»æ,173,185,125,53,3,32,1.05,114
26,2014/6/27,”≈,47,55,18,40,2,33,0.43,76
27,2014/6/28,”≈,50,45,19,45,5,41,0.43,68
28,2014/6/29,¡º,84,125,41,84,10,51,1,88
29,2014/6/30,«·∂»Œ€»æ,121,167,72,120,15,52,1.17,144
0,2014/5/1,÷–∂»Œ€»æ,166,176,121,186,18,41,0.85,95
1,2014/5/2,”≈,48,17,22,45,2,21,0.29,73
2,2014/5/3,¡º,94,137,36,128,5,42,0.42,49
3,2014/5/4,¡º,55,43,25,59,3,17,0.34,72
4,2014/5/5,”≈,50,44,23,54,3,37,0.44,59
5,2014/5/6,¡º,99,155,73,124,26,61,0.92,62
6,2014/5/7,¡º,95,135,62,102,11,45,0.91,62
7,2014/5/8,«·∂»Œ€»æ,102,115,74,107,15,46,0.99,91
8,2014/5/9,¡º,88,121,61,106,33,52,1.33,80
9,2014/5/10,¡º,72,145,50,87,27,50,1.17,75
10,2014/5/11,”≈,45,52,24,20,3,29,0.82,68
11,2014/5/12,¡º,60,53,34,68,6,43,0.65,68
12,2014/5/13,¡º,89,113,51,123,10,56,0.65,62
13,2014/5/14,¡º,55,48,17,62,7,26,0.29,69
14,2014/5/15,«·∂»Œ€»æ,116,177,59,180,7,60,0.55,51
15,2014/5/16,¡º,92,99,47,128,9,50,0.57,80
16,2014/5/17,¡º,98,118,55,120,23,59,0.97,102
17,2014/5/18,«·∂»Œ€»æ,112,153,79,145,23,55,0.94,125
18,2014/5/19,«·∂»Œ€»æ,140,166,104,156,14,43,0.98,143
19,2014/5/20,«·∂»Œ€»æ,121,141,78,129,9,45,0.89,111
20,2014/5/21,«·∂»Œ€»æ,142,153,107,168,25,52,1.46,126
21,2014/5/22,÷–∂»Œ€»æ,191,186,138,198,37,62,1.44,111
22,2014/5/23,«·∂»Œ€»æ,127,175,80,155,19,55,0.81,120
23,2014/5/24,«·∂»Œ€»æ,101,162,75,80,5,45,1.01,54
24,2014/5/25,«·∂»Œ€»æ,121,141,65,114,2,29,0.67,57
25,2014/5/26,¡º,65,54,21,76,4,54,0.44,62
26,2014/5/27,«·∂»Œ€»æ,105,85,35,149,4,43,0.39,64
27,2014/5/28,¡º,80,76,30,90,8,54,0.6,90
28,2014/5/29,¡º,97,78,42,116,9,65,0.69,103
29,2014/5/30,«·∂»Œ€»æ,140,128,81,167,34,57,1.49,169
30,2014/5/31,÷–∂»Œ€»æ,157,160,112,210,42,58,2.11,166
0,2014/4/1,«·∂»Œ€»æ,140,178,105,118,16,60,0.94,74
1,2014/4/2,«·∂»Œ€»æ,131,175,99,157,20,57,0.98,75
2,2014/4/3,¡º,63,48,22,79,5,36,0.46,59
3,2014/4/4,¡º,91,119,31,131,8,39,0.56,56
4,2014/4/5,¡º,64,34,21,80,5,29,0.38,74
5,2014/4/6,¡º,97,146,52,142,12,58,0.65,53
6,2014/4/7,«·∂»Œ€»æ,133,178,97,175,19,62,0.8,79
7,2014/4/8,÷ÿ∂»Œ€»æ,224,187,173,237,37,82,1.47,89
8,2014/4/9,÷–∂»Œ€»æ,194,184,121,238,19,50,0.9,78
9,2014/4/10,—œ÷ÿŒ€»æ,271,190,86,379,27,51,1.28,48
10,2014/4/11,¡º,88,107,59,112,16,60,0.96,53
11,2014/4/12,«·∂»Œ€»æ,131,158,99,135,24,75,1.44,61
12,2014/4/13,÷–∂»Œ€»æ,197,174,151,183,25,71,1.28,88
13,2014/4/14,—œ÷ÿŒ€»æ,284,190,234,266,38,69,1.83,139
14,2014/4/15,«·∂»Œ€»æ,132,159,91,142,16,61,0.97,48
15,2014/4/16,¡º,83,122,51,113,11,68,0.74,39
16,2014/4/17,«·∂»Œ€»æ,121,149,91,124,18,70,1.38,48
17,2014/4/18,÷–∂»Œ€»æ,181,178,138,124,16,64,1.54,50
18,2014/4/19,¡º,83,160,61,83,14,64,0.78,49
19,2014/4/20,¡º,82,127,59,79,7,53,0.63,52
20,2014/4/21,¡º,68,88,48,79,7,55,0.58,57
21,2014/4/22,¡º,80,112,57,101,9,54,0.58,77
22,2014/4/23,«·∂»Œ€»æ,149,174,112,146,20,41,0.89,87
23,2014/4/24,÷–∂»Œ€»æ,152,177,115,133,18,46,0.92,92
24,2014/4/25,÷–∂»Œ€»æ,175,179,129,189,20,68,1.03,76
25,2014/4/26,¡º,65,102,37,82,4,27,0.35,59
26,2014/4/27,¡º,74,112,50,91,6,46,0.62,60
27,2014/4/28,¡º,84,138,61,97,7,49,0.72,79
28,2014/4/29,«·∂»Œ€»æ,118,169,89,143,17,67,0.94,86
29,2014/4/30,«·∂»Œ€»æ,139,175,102,158,19,66,0.97,93
0,2014/3/1,¡º,57,71,38,57,23,48,0.84,50
1,2014/3/2,÷–∂»Œ€»æ,175,160,134,164,60,93,2.55,19
2,2014/3/3,—œ÷ÿŒ€»æ,267,187,217,247,95,102,4.17,5
3,2014/3/4,¡º,88,126,59,80,28,40,1.3,43
4,2014/3/5,”≈,38,8,19,34,16,34,0.77,49
5,2014/3/6,”≈,36,2,15,27,14,29,0.6,55
6,2014/3/7,¡º,63,89,44,66,24,47,1.02,35
7,2014/3/8,÷–∂»Œ€»æ,191,175,146,180,69,95,2.37,26
8,2014/3/9,«·∂»Œ€»æ,126,145,94,118,45,68,1.59,37
9,2014/3/10,«·∂»Œ€»æ,108,109,80,100,53,72,1.67,22
10,2014/3/11,÷ÿ∂»Œ€»æ,207,182,158,197,75,82,2.38,36
11,2014/3/12,”≈,36,4,10,22,8,25,0.4,63
12,2014/3/13,¡º,58,35,20,79,14,37,0.63,51
13,2014/3/14,¡º,62,13,20,78,13,31,0.51,63
14,2014/3/15,«·∂»Œ€»æ,128,154,93,172,42,89,1.46,28
15,2014/3/16,÷–∂»Œ€»æ,151,168,113,198,76,72,2.11,51
16,2014/3/17,÷–∂»Œ€»æ,181,151,82,240,26,49,1.2,45
17,2014/3/18,¡º,86,48,36,121,16,35,0.61,71
18,2014/3/19,¡º,75,35,46,93,16,45,0.77,48
19,2014/3/20,”≈,37,1,10,27,5,22,0.38,66
20,2014/3/21,¡º,54,17,24,63,11,43,0.62,52
21,2014/3/22,¡º,82,89,46,114,16,53,0.84,49
22,2014/3/23,÷–∂»Œ€»æ,166,176,126,176,41,67,1.53,76
23,2014/3/25,÷ÿ∂»Œ€»æ,241,183,191,229,46,89,1.54,89
24,2014/3/26,—œ÷ÿŒ€»æ,322,189,272,321,44,110,1.98,65
25,2014/3/27,—œ÷ÿŒ€»æ,294,188,249,300,33,106,2.37,15
26,2014/3/28,÷–∂»Œ€»æ,169,172,127,170,24,66,1.69,38
27,2014/3/29,¡º,72,74,39,76,7,36,0.58,60
28,2014/3/30,¡º,63,39,31,77,8,57,0.54,47
29,2014/3/31,÷–∂»Œ€»æ,172,183,132,183,34,80,1.75,45
0,2014/2/1,÷–∂»Œ€»æ,179,134,135,146,51,57,1.99,7
1,2014/2/2,«·∂»Œ€»æ,105,68,63,93,18,30,1.19,43
2,2014/2/3,”≈,40,11,5,31,4,8,0.3,69
3,2014/2/4,”≈,50,64,26,39,19,21,0.62,56
4,2014/2/5,«·∂»Œ€»æ,116,181,87,101,52,48,1.58,25
5,2014/2/6,÷–∂»Œ€»æ,158,185,119,131,67,65,2.08,20
6,2014/2/7,«·∂»Œ€»æ,124,164,94,60,34,51,1.45,23
7,2014/2/8,«·∂»Œ€»æ,102,155,72,43,23,38,1.27,33
8,2014/2/9,”≈,29,27,8,15,15,17,0.45,55
9,2014/2/10,”≈,35,20,23,27,25,37,0.74,42
10,2014/2/11,«·∂»Œ€»æ,133,167,100,114,58,78,2.09,17
11,2014/2/12,«·∂»Œ€»æ,150,154,111,115,53,77,2.15,21
12,2014/2/13,÷ÿ∂»Œ€»æ,241,184,190,176,74,84,2.85,16
13,2014/2/14,—œ÷ÿŒ€»æ,311,187,265,295,73,94,3.11,13
14,2014/2/15,—œ÷ÿŒ€»æ,424,186,387,443,102,107,3.75,14
15,2014/2/16,—œ÷ÿŒ€»æ,339,182,296,204,79,87,3.18,26
16,2014/2/17,«·∂»Œ€»æ,137,152,104,50,65,71,2.03,30
17,2014/2/18,¡º,95,151,70,84,37,61,1.13,26
18,2014/2/19,¡º,89,98,66,74,34,61,1.23,29
19,2014/2/20,÷ÿ∂»Œ€»æ,208,175,161,171,43,78,2.16,9
20,2014/2/21,—œ÷ÿŒ€»æ,308,185,257,284,77,103,2.67,20
21,2014/2/22,—œ÷ÿŒ€»æ,313,182,262,299,99,101,3.32,11
22,2014/2/23,—œ÷ÿŒ€»æ,262,177,212,248,128,92,3.61,9
23,2014/2/24,—œ÷ÿŒ€»æ,309,178,259,327,133,119,4.74,10
24,2014/2/25,—œ÷ÿŒ€»æ,402,184,353,390,75,121,5.29,8
25,2014/2/26,—œ÷ÿŒ€»æ,330,184,315,250,80,105,3.7,13
26,2014/2/27,”≈,31,1,15,22,12,22,0.43,57
27,2014/2/28,«·∂»Œ€»æ,106,165,77,102,32,71,1.5,15
0,2014/1/1,¡º,86,31,44,110,27,62,1.48,27
1,2014/1/2,«·∂»Œ€»æ,117,65,110,166,71,92,3.4,8
2,2014/1/3,¡º,80,29,46,97,28,52,1.3,32
3,2014/1/4,÷–∂»Œ€»æ,153,127,116,149,40,76,2.84,4
4,2014/1/5,«·∂»Œ€»æ,119,48,89,116,35,67,2.29,15
5,2014/1/6,÷–∂»Œ€»æ,184,112,139,160,46,68,2.38,4
6,2014/1/7,«·∂»Œ€»æ,143,116,110,124,34,59,1.97,20
7,2014/1/8,”≈,29,1,15,25,13,21,0.51,43
8,2014/1/9,”≈,43,4,26,45,19,34,0.8,35
9,2014/1/10,¡º,87,59,63,94,53,70,1.89,9
10,2014/1/11,«·∂»Œ€»æ,143,124,109,131,77,92,2.8,8
11,2014/1/12,”≈,42,6,23,42,25,36,0.69,39
12,2014/1/13,«·∂»Œ€»æ,110,113,82,107,66,78,2.3,9
13,2014/1/14,«·∂»Œ€»æ,109,84,82,108,67,75,2.37,12
14,2014/1/15,«·∂»Œ€»æ,148,104,122,149,74,91,2.8,10
15,2014/1/16,—œ÷ÿŒ€»æ,381,183,343,376,110,122,4.45,9
16,2014/1/17,÷ÿ∂»Œ€»æ,211,134,169,200,67,76,2.51,12
17,2014/1/18,«·∂»Œ€»æ,104,48,77,84,43,62,1.57,21
18,2014/1/19,÷–∂»Œ€»æ,177,98,115,186,71,72,2.51,17
19,2014/1/20,”≈,37,1,7,33,6,15,0.32,56
20,2014/1/21,¡º,51,13,35,47,33,45,0.95,31
21,2014/1/22,÷–∂»Œ€»æ,153,166,117,143,74,92,2.3,8
22,2014/1/24,÷–∂»Œ€»æ,185,143,147,167,78,92,2.78,12
23,2014/1/25,”≈,40,4,22,39,23,39,0.88,41
24,2014/1/26,¡º,77,80,52,81,45,47,0.99,29
25,2014/1/27,«·∂»Œ€»æ,128,131,89,119,56,60,1.78,23
26,2014/1/28,¡º,61,45,40,76,28,39,0.92,42
27,2014/1/29,÷–∂»Œ€»æ,155,146,118,142,70,75,2.3,9
28,2014/1/30,¡º,93,49,67,90,37,44,1.16,42
29,2014/1/31,÷–∂»Œ€»æ,184,71,143,181,63,47,1.44,21
0,2013/12/1,¡º,56,5,60,77,34,56,1.7,15
1,2013/12/2,«·∂»Œ€»æ,109,41,98,123,53,75,2.53,6
2,2013/12/3,«·∂»Œ€»æ,113,31,65,88,38,54,1.58,20
3,2013/12/4,¡º,99,29,83,101,42,62,2.04,11
4,2013/12/5,¡º,83,19,39,55,30,38,1.17,23
5,2013/12/6,¡º,93,32,125,158,49,77,2.46,6
6,2013/12/7,÷ÿ∂»Œ€»æ,233,76,248,292,63,100,4.34,3
7,2013/12/8,—œ÷ÿŒ€»æ,341,97,179,192,48,61,3.01,5
8,2013/12/9,¡º,97,26,11,16,9,21,0.59,39
9,2013/12/10,”≈,36,1,20,44,14,29,0.96,29
10,2013/12/11,”≈,33,2,19,29,14,29,0.74,31
11,2013/12/12,”≈,36,1,15,28,10,24,0.75,35
12,2013/12/13,”≈,41,4,47,63,29,45,1.3,16
13,2013/12/14,¡º,64,11,40,47,29,40,1.18,26
14,2013/12/15,¡º,61,16,47,55,31,49,1.52,18
15,2013/12/16,¡º,92,47,104,127,59,71,2.55,6
16,2013/12/17,«·∂»Œ€»æ,137,78,58,45,35,38,1.34,31
17,2013/12/18,”≈,32,19,27,41,22,30,0.81,31
18,2013/12/19,”≈,49,22,45,59,29,49,1.22,22
19,2013/12/20,¡º,63,24,30,46,28,46,1.1,25
20,2013/12/21,”≈,50,3,64,84,44,69,1.64,20
21,2013/12/22,«·∂»Œ€»æ,132,60,134,177,67,95,2.74,7
22,2013/12/23,÷–∂»Œ€»æ,199,74,126,165,61,90,2.87,12
23,2013/12/24,÷ÿ∂»Œ€»æ,202,64,221,268,95,123,4.85,6
24,2013/12/25,—œ÷ÿŒ€»æ,278,80,166,216,64,92,3.2,24
25,2013/12/26,¡º,91,18,9,19,8,20,0.4,50
26,2013/12/27,”≈,24,1,16,21,19,34,0.59,23
27,2013/12/28,”≈,39,3,11,19,11,22,0.38,20
28,2013/12/29,¡º,58,7,57,86,47,75,1.73,15
29,2013/12/30,¡º,74,9,41,83,27,51,1.06,27
30,2013/12/31,¡º,93,32,51,149,23,49,1.27,33
0,2013/11/1,÷ÿ∂»Œ€»æ,231,102,181,202,14,100,1.89,0
1,2013/11/2,—œ÷ÿŒ€»æ,294,112,243,253,11,104,2.14,0
2,2013/11/3,¡º,80,36,53,82,5,45,0.82,0
3,2013/11/4,¡º,57,11,36,60,9,54,0.87,0
4,2013/11/5,÷–∂»Œ€»æ,184,109,143,188,23,95,2.06,0
5,2013/11/6,÷–∂»Œ€»æ,189,100,91,135,9,55,1.47,0
6,2013/11/7,¡º,59,4,32,55,9,42,0.35,0
7,2013/11/8,«·∂»Œ€»æ,106,57,124,160,50,93,2.23,0
8,2013/11/9,÷–∂»Œ€»æ,178,94,89,114,39,65,1.58,0
9,2013/11/10,¡º,53,18,16,39,8,27,0.45,0
10,2013/11/11,”≈,47,17,32,56,17,49,0.75,0
11,2013/11/12,¡º,77,65,55,81,21,58,1.36,0
12,2013/11/13,«·∂»Œ€»æ,114,82,149,180,48,97,2.76,0
13,2013/11/14,÷–∂»Œ€»æ,170,91,66,103,19,55,1.31,0
14,2013/11/15,¡º,95,46,92,167,27,81,2.12,0
15,2013/11/16,«·∂»Œ€»æ,109,39,40,92,11,30,0.76,0
16,2013/11/17,”≈,33,1,9,21,6,20,0.46,0
17,2013/11/18,”≈,19,1,8,16,6,18,0.42,0
18,2013/11/19,”≈,22,1,30,41,16,37,0.77,0
19,2013/11/20,¡º,74,25,59,76,23,54,1.65,0
20,2013/11/21,¡º,92,28,89,103,34,69,1.93,0
21,2013/11/22,«·∂»Œ€»æ,134,60,126,130,45,83,2.28,3
22,2013/11/23,÷ÿ∂»Œ€»æ,212,77,173,158,56,96,2.9,13
23,2013/11/24,÷–∂»Œ€»æ,169,75,70,130,24,41,1.18,22
24,2013/11/25,¡º,59,14,14,26,8,22,0.54,33
25,2013/11/26,”≈,37,3,16,46,9,21,0.75,37
26,2013/11/27,”≈,42,5,6,34,2,6,0.38,50
27,2013/11/28,”≈,31,2,16,32,11,23,0.68,36
28,2013/11/29,¡º,56,24,56,71,30,57,1.69,17
29,2013/11/30,¡º,70,33,34,49,26,41,1.01,24
0,2013/10/28,—œ÷ÿŒ€»æ,306,106,255,277,30,105,2.6,15
1,2013/10/29,¡º,62,22,39,62,10,46,0.91,27
2,2013/10/30,¡º,99,61,71,101,11,72,1.18,14
3,2013/10/31,÷–∂»Œ€»æ,176,98,135,162,10,96,1.62,2
