0,2019/7/1,¡º,64,265,22,63,11,42,0.7,70
1,2019/7/2,¡º,53,165,18,54,8,38,0.57,60
2,2019/7/3,¡º,54,181,20,50,11,35,0.63,69
3,2019/7/4,¡º,57,210,16,41,8,36,0.62,87
4,2019/7/5,¡º,74,270,25,95,10,39,0.63,74
5,2019/7/6,¡º,71,318,22,84,8,38,0.64,74
6,2019/7/7,¡º,55,219,17,56,4,23,0.46,88
7,2019/7/12,¡º,58,294,18,41,7,42,0.66,113
8,2019/7/13,¡º,73,325,20,49,14,41,0.77,124
9,2019/7/14,”≈,50,246,20,55,9,43,0.7,78
10,2019/7/15,”≈,37,137,17,32,5,38,0.66,84
0,2019/6/1,¡º,62,206,26,71,9,40,0.72,64
1,2019/6/2,¡º,57,149,19,56,7,33,0.51,86
2,2019/6/3,¡º,55,139,16,47,8,32,0.48,90
3,2019/6/4,¡º,51,107,21,55,8,35,0.5,63
4,2019/6/5,”≈,45,117,18,42,8,32,0.57,71
5,2019/6/6,¡º,51,207,18,48,10,33,0.51,75
6,2019/6/7,¡º,56,193,21,57,17,31,0.49,72
7,2019/6/8,¡º,54,193,20,53,18,29,0.5,78
8,2019/6/9,¡º,52,198,17,47,7,31,0.47,80
9,2019/6/10,¡º,52,188,19,47,9,35,0.59,75
10,2019/6/11,”≈,44,143,19,43,5,29,0.44,66
11,2019/6/14,¡º,55,262,34,61,4,20,0.38,70
12,2019/6/15,”≈,45,181,21,48,6,24,0.48,77
13,2019/6/17,¡º,58,295,22,60,15,52,0.86,71
14,2019/6/18,”≈,49,268,21,54,13,52,0.69,55
15,2019/6/19,”≈,36,180,15,31,7,30,0.58,88
16,2019/6/20,”≈,38,234,13,33,12,32,0.7,62
17,2019/6/25,”≈,45,154,16,46,7,27,0.58,78
18,2019/6/26,”≈,38,102,13,35,5,23,0.45,64
19,2019/6/27,”≈,39,101,10,23,4,22,0.52,75
20,2019/6/28,”≈,47,178,13,36,5,35,0.6,76
21,2019/6/29,¡º,61,292,22,70,15,52,0.75,44
22,2019/6/30,¡º,51,226,17,51,10,38,0.55,58
0,2019/5/1,¡º,58,167,25,65,6,36,0.55,61
1,2019/5/2,¡º,57,120,23,62,7,38,0.58,57
2,2019/5/3,”≈,47,50,18,41,8,24,0.64,84
3,2019/5/4,¡º,57,117,22,56,8,40,0.62,70
4,2019/5/5,”≈,46,104,18,36,4,19,0.52,81
5,2019/5/6,”≈,41,98,14,29,4,23,0.55,84
6,2019/5/7,”≈,43,83,13,26,5,24,0.65,82
7,2019/5/8,”≈,40,78,15,30,7,17,0.42,81
8,2019/5/9,”≈,40,68,16,37,5,31,0.51,63
9,2019/5/10,”≈,47,69,19,43,8,32,0.54,70
10,2019/5/11,”≈,48,42,19,42,5,30,0.5,76
11,2019/5/12,—œ÷ÿŒ€»æ,473,362,229,1054,4,18,0.42,78
12,2019/5/13,—œ÷ÿŒ€»æ,304,353,104,411,7,39,0.64,55
13,2019/5/14,¡º,69,186,28,81,5,30,0.53,83
14,2019/5/15,«·∂»Œ€»æ,121,328,49,168,4,33,0.53,71
15,2019/5/16,¡º,79,267,32,106,6,34,0.7,73
16,2019/5/17,¡º,63,239,25,75,10,35,0.74,72
17,2019/5/18,¡º,88,336,36,123,5,20,0.5,83
18,2019/5/19,¡º,86,316,36,120,5,16,0.42,88
19,2019/5/20,¡º,69,265,25,84,7,39,0.58,61
20,2019/5/21,¡º,66,188,23,76,12,42,0.67,67
21,2019/5/22,¡º,66,168,21,71,13,45,0.66,72
22,2019/5/23,¡º,61,113,23,68,15,49,0.7,68
23,2019/5/24,¡º,61,119,20,61,9,45,0.59,71
24,2019/5/25,¡º,87,272,37,122,11,40,0.61,63
25,2019/5/26,¡º,75,308,28,99,6,21,0.36,81
26,2019/5/27,”≈,47,181,17,37,4,18,0.53,84
27,2019/5/28,¡º,52,210,22,53,7,30,0.66,66
28,2019/5/29,¡º,55,194,20,52,10,36,0.49,71
29,2019/5/30,¡º,56,219,16,47,7,34,0.53,91
30,2019/5/31,¡º,61,238,25,72,14,49,0.8,56
0,2019/4/1,¡º,87,335,36,121,19,53,0.85,70
1,2019/4/2,¡º,63,239,24,72,11,39,0.57,87
2,2019/4/3,¡º,73,262,32,89,16,56,0.72,73
3,2019/4/4,¡º,68,212,28,81,10,40,0.63,91
4,2019/4/5,¡º,76,224,31,95,19,57,0.88,65
5,2019/4/6,«·∂»Œ€»æ,108,310,42,164,17,48,0.78,67
6,2019/4/7,¡º,97,297,38,141,15,42,0.81,74
7,2019/4/8,¡º,68,202,28,84,7,24,0.56,87
8,2019/4/9,”≈,43,96,18,40,9,21,0.5,77
9,2019/4/10,”≈,48,154,16,46,11,17,0.44,89
10,2019/4/11,¡º,56,228,19,59,14,33,0.47,76
11,2019/4/12,¡º,54,148,21,55,6,25,0.53,90
12,2019/4/13,”≈,48,106,22,46,6,24,0.44,73
13,2019/4/14,¡º,56,179,24,58,8,39,0.65,68
14,2019/4/15,¡º,59,164,25,67,12,49,0.6,53
15,2019/4/16,¡º,73,260,31,81,12,62,1.02,68
16,2019/4/17,¡º,91,290,30,90,15,66,0.95,84
17,2019/4/18,¡º,61,147,23,68,10,43,0.78,65
18,2019/4/19,¡º,87,302,37,123,11,39,0.63,64
19,2019/4/20,¡º,73,264,35,92,5,27,0.5,76
20,2019/4/21,¡º,74,259,30,83,14,50,0.86,71
21,2019/4/22,¡º,74,257,27,80,9,49,0.67,78
22,2019/4/23,¡º,77,290,27,70,13,55,0.7,87
23,2019/4/24,«·∂»Œ€»æ,101,314,36,142,5,26,0.44,79
24,2019/4/25,¡º,74,289,31,94,15,38,0.56,82
25,2019/4/26,¡º,87,331,37,122,9,45,0.62,76
26,2019/4/27,¡º,68,309,37,84,6,19,0.48,93
27,2019/4/28,¡º,58,226,29,62,8,29,0.5,82
28,2019/4/29,¡º,52,204,23,55,9,24,0.46,66
29,2019/4/30,”≈,42,102,17,39,5,27,0.52,68
0,2019/3/1,¡º,53,117,34,54,8,48,1.08,31
1,2019/3/2,¡º,60,164,39,68,11,46,1.23,46
2,2019/3/3,¡º,66,175,43,79,13,59,1.33,50
3,2019/3/4,¡º,64,152,37,76,17,48,1.02,54
4,2019/3/5,¡º,63,168,37,73,19,45,0.85,71
5,2019/3/6,¡º,65,207,40,77,14,56,1.08,57
6,2019/3/7,¡º,52,131,31,53,8,38,0.87,61
7,2019/3/8,¡º,52,117,27,57,10,33,0.83,61
8,2019/3/9,¡º,61,159,34,70,10,33,0.73,70
9,2019/3/10,¡º,63,171,27,74,9,29,0.53,77
10,2019/3/11,¡º,58,134,22,64,14,31,0.57,69
11,2019/3/12,¡º,67,189,29,83,17,49,0.96,61
12,2019/3/13,¡º,56,121,24,61,20,34,0.61,65
13,2019/3/14,¡º,64,228,34,76,16,50,1.14,56
14,2019/3/15,¡º,67,272,33,81,18,59,0.96,61
15,2019/3/16,¡º,69,241,34,85,16,51,0.94,58
16,2019/3/17,¡º,61,157,32,70,15,38,0.76,69
17,2019/3/18,¡º,70,217,38,86,15,51,0.93,68
18,2019/3/19,¡º,69,183,31,85,18,41,0.81,66
19,2019/3/20,¡º,93,301,33,133,8,21,0.38,76
20,2019/3/21,¡º,84,297,30,116,11,26,0.48,70
21,2019/3/22,¡º,71,327,28,89,18,35,0.56,60
22,2019/3/23,¡º,73,319,33,94,13,52,0.78,63
23,2019/3/24,¡º,76,260,33,99,12,40,0.68,74
24,2019/3/25,¡º,80,281,36,109,17,51,0.85,72
25,2019/3/26,¡º,86,282,39,119,22,48,0.8,66
26,2019/3/27,«·∂»Œ€»æ,113,338,46,175,13,46,0.81,62
27,2019/3/28,«·∂»Œ€»æ,143,356,55,233,10,40,0.62,64
28,2019/3/29,¡º,84,296,29,116,10,26,0.5,71
29,2019/3/30,¡º,81,283,31,109,11,39,0.65,67
30,2019/3/31,¡º,73,316,32,92,18,52,0.87,67
0,2019/2/1,¡º,86,247,53,121,20,63,1.75,38
1,2019/2/2,¡º,77,162,29,102,20,34,0.69,51
2,2019/2/3,¡º,62,105,25,71,15,31,0.74,53
3,2019/2/4,¡º,69,151,38,86,25,45,1.21,51
4,2019/2/5,¡º,67,90,40,82,32,40,1.3,52
5,2019/2/6,”≈,50,92,24,51,20,30,0.81,57
6,2019/2/7,¡º,63,200,23,75,21,25,0.66,58
7,2019/2/8,¡º,88,332,31,125,18,17,0.52,61
8,2019/2/9,¡º,63,244,24,74,14,18,0.56,56
9,2019/2/10,¡º,68,243,30,83,15,24,0.71,52
10,2019/2/11,¡º,73,225,38,93,21,39,1.08,47
11,2019/2/12,¡º,77,253,37,101,20,45,1.08,51
12,2019/2/13,¡º,99,292,45,132,23,51,1.34,48
13,2019/2/14,«·∂»Œ€»æ,120,333,35,174,8,19,0.43,64
14,2019/2/15,¡º,80,275,31,108,17,30,0.77,50
15,2019/2/16,¡º,66,241,31,80,27,26,0.73,55
16,2019/2/17,¡º,58,229,31,64,29,25,0.72,57
17,2019/2/18,¡º,61,216,37,70,15,31,0.9,62
18,2019/2/19,¡º,82,222,55,108,22,53,1.23,46
19,2019/2/20,¡º,65,132,39,77,13,39,1.08,46
20,2019/2/21,¡º,59,130,34,66,14,38,0.99,63
21,2019/2/22,¡º,66,161,45,79,15,46,1.21,43
22,2019/2/23,¡º,65,150,42,78,15,47,1.14,43
23,2019/2/24,¡º,57,129,38,62,13,28,0.76,67
24,2019/2/25,¡º,62,156,38,72,12,30,0.75,58
25,2019/2/26,¡º,70,168,43,88,15,33,0.82,54
26,2019/2/27,¡º,57,149,37,60,8,42,0.95,46
27,2019/2/28,¡º,56,122,38,60,10,47,1.18,38
0,2019/1/1,«·∂»Œ€»æ,111,288,82,118,22,64,2.14,31
1,2019/1/2,«·∂»Œ€»æ,126,267,95,137,26,73,2.61,24
2,2019/1/3,¡º,73,141,52,81,31,49,1.43,29
3,2019/1/4,¡º,74,189,52,91,29,57,1.32,32
4,2019/1/5,¡º,93,254,68,115,36,70,2.08,24
5,2019/1/6,¡º,84,192,59,100,26,51,1.53,35
6,2019/1/7,¡º,62,138,31,71,23,39,0.84,45
7,2019/1/8,¡º,68,174,39,83,22,45,1.19,36
8,2019/1/9,¡º,79,262,55,100,26,51,1.53,30
9,2019/1/10,¡º,70,188,40,88,18,41,0.95,42
10,2019/1/11,«·∂»Œ€»æ,105,226,77,137,31,73,2.3,26
11,2019/1/12,¡º,93,202,58,133,32,73,1.79,34
12,2019/1/13,¡º,88,161,61,120,37,80,2.13,30
13,2019/1/14,¡º,62,94,35,72,20,45,1.02,42
14,2019/1/15,”≈,49,97,21,49,14,35,0.67,48
15,2019/1/16,¡º,62,174,37,71,25,49,1.3,29
16,2019/1/17,¡º,70,148,46,87,27,54,1.57,32
17,2019/1/18,¡º,56,88,26,61,18,35,0.69,49
18,2019/1/19,¡º,63,112,34,74,23,46,1.05,34
19,2019/1/20,¡º,52,121,27,54,20,34,0.76,41
20,2019/1/21,¡º,74,200,52,82,20,58,1.33,34
21,2019/1/22,¡º,81,171,58,98,25,72,2.04,33
22,2019/1/23,¡º,76,140,54,96,30,71,2.06,30
23,2019/1/24,¡º,67,94,44,82,22,55,1.24,33
24,2019/1/25,¡º,67,130,42,82,21,59,1.25,38
25,2019/1/26,¡º,66,147,38,81,24,47,1.2,44
26,2019/1/27,”≈,50,56,23,52,16,30,0.59,58
27,2019/1/28,¡º,57,94,30,62,40,43,0.94,37
28,2019/1/29,¡º,54,80,29,57,26,45,1.04,38
29,2019/1/30,¡º,59,112,25,65,14,24,0.64,53
30,2019/1/31,¡º,68,264,30,84,10,32,0.67,49
0,2018/12/1,¡º,90,191,56,126,28,71,1.8,33
1,2018/12/2,—œ÷ÿŒ€»æ,267,340,75,385,15,35,0.82,40
2,2018/12/3,÷–∂»Œ€»æ,164,296,62,276,14,30,0.69,40
3,2018/12/4,«·∂»Œ€»æ,108,296,44,164,14,37,0.83,40
4,2018/12/5,¡º,100,319,42,148,16,38,0.88,36
5,2018/12/6,¡º,70,289,26,88,11,23,0.59,48
6,2018/12/7,¡º,61,313,29,71,18,34,0.78,32
7,2018/12/8,¡º,61,292,29,70,27,32,0.88,25
8,2018/12/9,¡º,73,274,48,89,16,39,1.31,19
9,2018/12/10,¡º,70,224,45,86,18,31,0.89,40
10,2018/12/11,¡º,89,272,42,125,17,44,0.97,35
11,2018/12/12,¡º,99,257,66,143,26,62,1.86,22
12,2018/12/13,«·∂»Œ€»æ,101,231,74,144,35,65,1.92,21
13,2018/12/14,¡º,85,196,61,112,26,47,1.54,22
14,2018/12/15,¡º,80,198,56,104,25,55,1.62,21
15,2018/12/16,¡º,94,210,68,122,33,65,2.05,23
16,2018/12/17,«·∂»Œ€»æ,105,263,77,141,46,80,2.53,28
17,2018/12/18,«·∂»Œ€»æ,109,272,82,145,45,86,2.81,21
18,2018/12/19,¡º,99,223,72,131,47,81,2.49,24
19,2018/12/20,¡º,79,178,50,100,25,56,1.53,34
20,2018/12/21,¡º,65,138,31,78,38,59,1.25,28
21,2018/12/28,¡º,65,304,27,77,20,27,0.77,35
22,2018/12/29,¡º,75,316,48,91,25,46,1.33,26
23,2018/12/30,¡º,94,331,69,106,21,50,1.75,24
24,2018/12/31,¡º,89,286,65,100,26,48,1.35,32
0,2018/11/1,¡º,85,297,50,119,26,80,1.54,28
1,2018/11/2,¡º,73,238,47,94,19,51,1.13,40
2,2018/11/3,¡º,57,148,23,64,13,19,0.33,63
3,2018/11/4,”≈,38,65,24,37,8,26,0.58,45
4,2018/11/5,”≈,41,105,26,38,6,36,0.69,40
5,2018/11/6,”≈,50,260,34,48,8,38,0.76,36
6,2018/11/7,”≈,50,225,34,51,7,39,0.83,45
7,2018/11/8,¡º,73,311,48,91,15,63,1.53,41
8,2018/11/9,¡º,79,305,52,104,25,62,1.53,39
9,2018/11/10,¡º,61,185,29,70,12,35,0.71,60
10,2018/11/11,¡º,93,328,65,129,23,71,1.72,33
11,2018/11/12,«·∂»Œ€»æ,106,306,79,146,25,82,2.13,36
12,2018/11/13,«·∂»Œ€»æ,105,285,78,140,22,85,1.74,32
13,2018/11/14,¡º,82,254,36,111,9,32,0.57,47
14,2018/11/15,”≈,48,151,23,49,20,27,0.45,48
15,2018/11/16,¡º,51,262,26,52,15,33,0.58,39
16,2018/11/17,¡º,61,283,40,66,18,45,0.95,31
17,2018/11/18,¡º,67,266,45,80,20,51,1.21,30
18,2018/11/19,¡º,78,275,53,103,27,60,1.52,28
19,2018/11/20,¡º,65,219,38,78,23,42,0.89,42
20,2018/11/21,¡º,62,238,30,73,17,45,0.84,47
21,2018/11/22,¡º,89,301,59,124,33,73,1.66,30
22,2018/11/23,¡º,84,259,56,116,29,71,1.9,28
23,2018/11/24,¡º,85,219,57,115,39,69,1.77,28
24,2018/11/25,«·∂»Œ€»æ,103,219,74,140,32,83,2.18,28
25,2018/11/26,—œ÷ÿŒ€»æ,491,364,127,846,14,37,0.58,36
26,2018/11/27,—œ÷ÿŒ€»æ,477,366,108,604,24,55,1.41,22
27,2018/11/28,—œ÷ÿŒ€»æ,332,353,108,446,33,81,2.09,26
28,2018/11/29,«·∂»Œ€»æ,145,270,80,237,36,82,2.06,27
29,2018/11/30,¡º,99,210,54,145,29,65,1.67,27
0,2018/10/1,¡º,56,235,25,59,8,39,0.72,57
1,2018/10/2,¡º,60,217,26,66,16,46,0.72,58
2,2018/10/3,¡º,63,172,33,74,19,50,0.84,58
3,2018/10/4,¡º,61,150,30,68,15,49,0.71,55
4,2018/10/5,¡º,56,133,23,61,9,32,0.48,48
5,2018/10/6,¡º,58,139,20,64,11,22,0.43,66
6,2018/10/7,¡º,58,159,26,64,11,33,0.65,59
7,2018/10/8,”≈,45,93,24,45,9,32,0.49,63
8,2018/10/9,¡º,64,235,26,77,17,46,0.73,40
9,2018/10/10,¡º,67,311,29,82,20,54,0.91,46
10,2018/10/11,¡º,70,325,32,86,18,61,0.92,53
11,2018/10/12,¡º,64,238,35,77,11,47,0.8,44
12,2018/10/13,¡º,59,170,35,66,10,47,0.77,23
13,2018/10/14,¡º,58,208,36,64,13,44,0.86,44
14,2018/10/15,¡º,64,261,38,74,19,52,0.97,49
15,2018/10/16,¡º,59,228,32,68,13,45,0.85,42
16,2018/10/17,”≈,45,141,24,45,7,38,0.79,32
17,2018/10/18,”≈,46,150,25,46,7,34,0.72,32
18,2018/10/19,”≈,28,20,17,24,4,25,0.59,45
19,2018/10/20,”≈,45,121,28,45,8,37,0.86,24
20,2018/10/21,¡º,67,243,36,88,7,32,0.79,32
21,2018/10/22,«·∂»Œ€»æ,117,347,55,182,10,33,0.46,49
22,2018/10/23,«·∂»Œ€»æ,104,355,54,157,14,56,0.97,34
23,2018/10/24,¡º,80,257,44,107,11,44,0.85,31
24,2018/10/25,¡º,69,212,25,86,11,37,0.52,53
25,2018/10/26,¡º,81,321,37,111,15,57,0.85,41
26,2018/10/27,¡º,81,339,43,109,21,64,0.99,43
27,2018/10/28,¡º,73,308,38,90,23,63,0.95,61
28,2018/10/29,¡º,78,335,41,103,24,65,1.02,37
29,2018/10/30,¡º,79,326,39,107,27,65,1.02,44
30,2018/10/31,¡º,83,304,43,115,28,78,1.35,36
0,2018/9/2,”≈,41,172,18,40,8,28,0.64,63
1,2018/9/3,¡º,70,309,27,61,7,37,0.67,101
2,2018/9/4,”≈,46,178,20,46,8,42,0.66,39
3,2018/9/5,”≈,43,139,23,43,7,41,0.7,57
4,2018/9/6,¡º,54,200,21,57,10,34,0.49,48
5,2018/9/7,¡º,55,303,21,60,10,36,0.52,42
6,2018/9/8,¡º,58,299,19,64,11,39,0.82,48
7,2018/9/9,”≈,45,118,20,44,5,28,0.51,53
8,2018/9/10,¡º,56,231,27,59,8,40,0.84,50
9,2018/9/11,¡º,53,185,24,55,6,35,0.64,51
10,2018/9/12,¡º,65,275,23,55,15,38,0.59,78
11,2018/9/13,”≈,44,156,21,41,9,34,0.55,66
12,2018/9/14,¡º,56,243,24,62,8,32,0.53,48
13,2018/9/15,”≈,30,48,16,24,6,22,0.51,55
14,2018/9/16,”≈,40,186,22,36,6,28,0.56,51
15,2018/9/17,”≈,34,142,16,33,6,30,0.54,44
16,2018/9/18,”≈,32,119,18,31,6,31,0.77,39
17,2018/9/19,”≈,47,218,21,42,6,41,0.81,64
18,2018/9/20,¡º,62,303,27,65,15,46,0.92,58
19,2018/9/21,¡º,65,304,28,75,13,42,0.73,60
20,2018/9/22,¡º,78,337,28,82,13,48,0.79,71
21,2018/9/23,¡º,62,266,25,68,16,43,0.68,54
22,2018/9/24,”≈,43,158,17,41,5,28,0.62,45
23,2018/9/25,”≈,35,83,16,30,7,26,0.69,58
24,2018/9/26,”≈,38,108,17,36,7,33,0.69,53
25,2018/9/27,”≈,50,222,24,54,6,26,0.44,57
26,2018/9/28,¡º,65,296,28,77,9,43,0.82,40
27,2018/9/29,¡º,70,293,30,81,15,52,0.85,56
28,2018/9/30,¡º,63,248,27,77,20,45,0.84,42
0,2018/8/1,¡º,51,191,18,49,4,29,0.61,66
1,2018/8/2,”≈,39,99,19,38,5,28,0.6,46
2,2018/8/3,”≈,31,44,15,30,4,24,0.64,37
3,2018/8/4,¡º,60,263,27,58,5,37,0.88,81
4,2018/8/5,¡º,90,349,31,80,9,41,0.83,116
5,2018/8/6,¡º,73,305,32,92,7,22,0.55,87
6,2018/8/7,”≈,42,112,20,38,9,23,0.62,76
7,2018/8/8,”≈,50,169,20,38,4,29,0.9,88
8,2018/8/9,¡º,69,274,23,54,7,33,0.78,94
9,2018/8/10,¡º,60,182,24,44,4,29,0.65,96
10,2018/8/11,¡º,74,261,29,68,10,38,0.89,93
11,2018/8/12,¡º,65,253,31,77,12,48,0.88,63
12,2018/8/13,¡º,62,276,30,51,5,32,0.72,97
13,2018/8/14,¡º,56,273,27,54,8,30,0.79,74
14,2018/8/15,¡º,54,268,28,59,4,25,0.64,72
15,2018/8/16,”≈,50,263,21,51,7,25,0.56,79
16,2018/8/17,¡º,58,280,22,58,11,32,0.69,86
17,2018/8/18,¡º,77,351,34,81,20,38,0.83,99
18,2018/8/19,¡º,91,365,39,86,14,42,1.01,104
19,2018/8/20,¡º,63,294,28,71,12,33,0.77,78
20,2018/8/21,”≈,45,108,20,29,5,22,0.68,93
21,2018/8/22,¡º,70,313,25,52,6,35,0.76,99
22,2018/8/23,¡º,87,344,28,66,10,41,0.71,105
23,2018/8/25,”≈,49,104,26,49,7,28,0.71,88
24,2018/8/27,¡º,52,167,31,52,4,28,0.8,78
25,2018/8/29,¡º,68,276,39,80,5,26,0.87,88
26,2018/8/31,¡º,53,257,35,53,6,30,0.98,54
0,2018/7/1,”≈,45,159,21,41,6,26,0.58,69
1,2018/7/2,”≈,43,140,21,40,5,32,0.65,70
2,2018/7/3,¡º,53,217,30,54,13,44,0.88,52
3,2018/7/4,¡º,52,194,19,38,9,32,0.77,88
4,2018/7/5,¡º,61,273,24,60,11,44,0.9,65
5,2018/7/6,¡º,54,255,23,52,10,34,0.79,75
6,2018/7/7,¡º,55,277,28,58,11,40,0.87,64
7,2018/7/8,”≈,43,208,24,38,8,37,0.69,56
8,2018/7/9,¡º,75,350,28,45,8,33,0.71,102
9,2018/7/10,”≈,45,205,19,44,8,39,0.78,46
10,2018/7/11,¡º,73,333,29,68,9,40,0.76,90
11,2018/7/12,¡º,88,350,34,87,20,46,0.8,98
12,2018/7/13,¡º,87,361,26,82,15,43,0.79,91
13,2018/7/14,¡º,52,238,20,53,17,29,0.54,61
14,2018/7/15,÷–∂»Œ€»æ,175,362,73,232,7,25,0.55,91
15,2018/7/16,¡º,93,356,37,96,8,48,0.81,97
16,2018/7/17,¡º,73,330,27,86,11,46,0.71,71
17,2018/7/18,”≈,44,151,19,43,6,22,0.56,62
18,2018/7/19,¡º,65,293,27,50,8,25,0.66,100
19,2018/7/20,”≈,48,155,24,40,5,26,0.52,74
20,2018/7/21,¡º,61,213,22,52,7,41,0.9,84
21,2018/7/22,¡º,79,326,28,69,11,45,0.84,85
22,2018/7/23,”≈,47,140,19,35,6,33,0.58,87
23,2018/7/24,¡º,85,346,32,68,7,50,0.88,98
24,2018/7/25,¡º,83,329,27,79,11,47,0.87,90
25,2018/7/26,¡º,63,257,30,69,6,31,0.67,76
26,2018/7/27,¡º,60,270,31,65,5,29,0.63,72
27,2018/7/28,”≈,48,154,20,45,4,22,0.58,71
28,2018/7/29,¡º,67,247,27,81,5,19,0.61,77
29,2018/7/30,¡º,54,183,20,53,4,23,0.6,77
30,2018/7/31,¡º,52,186,21,48,5,28,0.7,83
0,2018/6/1,¡º,73,191,31,79,8,34,0.6,112
1,2018/6/2,¡º,92,265,35,130,14,37,0.95,90
2,2018/6/3,¡º,71,170,34,82,5,20,0.5,100
3,2018/6/4,¡º,63,158,26,69,13,47,0.89,70
4,2018/6/5,¡º,97,298,34,95,21,61,1,99
5,2018/6/6,¡º,86,242,39,110,13,46,0.74,66
6,2018/6/7,¡º,68,182,37,83,14,44,0.64,67
7,2018/6/8,¡º,57,191,24,45,8,30,0.59,87
8,2018/6/9,¡º,75,334,23,54,16,38,0.77,104
9,2018/6/10,¡º,78,328,24,62,14,40,0.65,109
10,2018/6/11,¡º,91,304,27,72,16,47,0.78,112
11,2018/6/12,«·∂»Œ€»æ,102,325,31,95,22,48,0.81,115
12,2018/6/13,¡º,78,261,27,82,10,41,0.64,105
13,2018/6/14,¡º,97,324,29,89,19,50,0.68,113
14,2018/6/15,¡º,61,171,27,60,6,25,0.61,99
15,2018/6/16,¡º,65,206,28,63,10,32,0.69,98
16,2018/6/17,¡º,82,277,38,104,24,62,1.11,75
17,2018/6/18,¡º,72,246,36,75,13,55,0.96,81
18,2018/6/19,¡º,71,305,35,77,14,51,0.98,82
19,2018/6/20,¡º,92,325,29,70,12,45,0.79,110
20,2018/6/21,¡º,65,226,27,59,9,36,0.77,101
21,2018/6/22,¡º,89,306,32,87,15,49,0.75,105
22,2018/6/23,¡º,75,253,26,71,9,35,0.52,111
23,2018/6/24,¡º,75,250,31,92,7,18,0.5,102
24,2018/6/25,¡º,55,204,30,60,10,41,0.86,83
25,2018/6/26,¡º,64,284,27,66,10,39,0.73,77
26,2018/6/27,”≈,50,205,18,45,8,28,0.58,73
27,2018/6/28,¡º,57,251,19,45,8,31,0.65,91
28,2018/6/29,¡º,64,227,22,62,11,34,0.63,88
29,2018/6/30,¡º,64,239,20,55,10,37,0.74,86
0,2018/5/1,¡º,75,239,37,97,10,33,0.51,82
1,2018/5/2,¡º,94,337,39,136,12,45,0.69,86
2,2018/5/3,¡º,87,340,38,116,12,50,0.78,86
3,2018/5/4,«·∂»Œ€»æ,114,352,51,166,5,28,0.64,91
4,2018/5/5,¡º,73,254,31,84,4,19,0.36,106
5,2018/5/6,¡º,59,197,27,59,5,37,0.64,84
6,2018/5/7,¡º,77,290,28,74,9,40,0.7,115
7,2018/5/8,¡º,60,160,26,65,4,33,0.55,78
8,2018/5/9,¡º,87,274,41,120,4,23,0.56,75
9,2018/5/10,”≈,44,47,25,44,4,27,0.6,65
10,2018/5/11,¡º,76,273,35,80,10,43,0.73,91
11,2018/5/12,¡º,94,308,43,132,16,54,0.87,93
12,2018/5/13,«·∂»Œ€»æ,122,352,55,182,21,65,1.09,71
13,2018/5/14,¡º,93,282,42,113,14,50,0.88,94
14,2018/5/15,¡º,91,300,44,129,10,37,0.7,87
15,2018/5/16,÷–∂»Œ€»æ,199,361,75,285,6,24,0.43,79
16,2018/5/17,¡º,97,347,46,142,10,31,0.52,73
17,2018/5/18,«·∂»Œ€»æ,126,361,55,174,9,30,0.58,97
18,2018/5/19,«·∂»Œ€»æ,108,356,63,150,5,23,0.51,97
19,2018/5/20,¡º,65,303,32,77,10,38,0.6,71
20,2018/5/21,¡º,70,326,38,89,6,27,0.46,86
21,2018/5/22,¡º,60,241,22,59,11,33,0.58,92
22,2018/5/23,¡º,67,154,23,73,12,43,0.65,84
23,2018/5/24,¡º,66,138,28,76,10,38,0.65,76
24,2018/5/25,÷–∂»Œ€»æ,173,349,58,252,13,28,0.58,98
25,2018/5/26,«·∂»Œ€»æ,143,309,68,233,6,27,0.56,116
26,2018/5/27,«·∂»Œ€»æ,124,342,57,195,15,54,0.82,74
27,2018/5/28,¡º,100,270,41,136,22,58,0.84,84
28,2018/5/29,¡º,79,201,30,100,16,52,0.58,72
29,2018/5/30,¡º,86,263,31,95,20,51,0.66,91
30,2018/5/31,¡º,67,197,25,82,8,35,0.49,91
0,2018/4/1,«·∂»Œ€»æ,123,292,56,194,16,58,1.19,61
1,2018/4/2,«·∂»Œ€»æ,109,272,52,163,24,63,1.4,83
2,2018/4/3,÷ÿ∂»Œ€»æ,206,347,66,339,9,25,0.54,74
3,2018/4/4,—œ÷ÿŒ€»æ,325,358,155,895,16,38,0.66,59
4,2018/4/5,÷ÿ∂»Œ€»æ,239,347,78,347,5,14,0.58,83
5,2018/4/5,÷ÿ∂»Œ€»æ,239,347,78,347,5,14,0.58,83
6,2018/4/6,«·∂»Œ€»æ,145,353,50,230,7,23,0.6,79
7,2018/4/7,¡º,97,331,43,142,20,60,1.21,56
8,2018/4/8,«·∂»Œ€»æ,103,342,48,149,25,69,1.42,59
9,2018/4/9,÷–∂»Œ€»æ,170,344,74,282,23,53,1.2,66
10,2018/4/10,—œ÷ÿŒ€»æ,333,355,135,534,11,45,0.82,52
11,2018/4/11,«·∂»Œ€»æ,148,324,64,244,22,58,1.11,56
12,2018/4/12,«·∂»Œ€»æ,118,343,64,182,10,54,0.89,44
13,2018/4/13,¡º,94,342,44,137,5,19,0.4,82
14,2018/4/14,¡º,93,299,47,133,7,42,0.74,77
15,2018/4/15,¡º,92,257,52,124,15,61,1,69
16,2018/4/16,¡º,97,238,48,120,16,69,1.19,73
17,2018/4/17,«·∂»Œ€»æ,101,242,46,129,26,78,1.28,81
18,2018/4/18,¡º,99,235,47,142,24,63,1.08,85
19,2018/4/19,¡º,83,161,49,102,7,35,0.63,108
20,2018/4/20,«·∂»Œ€»æ,105,294,64,148,5,37,0.7,102
21,2018/4/21,¡º,89,330,45,127,11,55,0.8,60
22,2018/4/22,¡º,78,334,36,104,15,44,0.79,69
23,2018/4/23,¡º,58,243,33,70,4,19,0.51,71
24,2018/4/24,”≈,41,85,23,35,5,27,0.52,74
25,2018/4/25,¡º,64,156,40,75,12,46,0.66,64
26,2018/4/26,¡º,74,180,35,96,12,39,0.63,76
27,2018/4/27,¡º,83,224,43,109,15,49,0.84,78
28,2018/4/28,¡º,85,204,40,104,11,56,0.8,77
29,2018/4/29,¡º,85,193,39,117,9,49,0.83,76
30,2018/4/30,¡º,57,128,28,54,4,23,0.45,96
0,2018/3/1,¡º,64,175,32,76,30,56,1.26,56
1,2018/3/2,¡º,89,283,57,119,44,78,2.13,46
2,2018/3/3,¡º,95,257,47,136,31,48,1.44,53
3,2018/3/4,¡º,66,227,34,80,12,33,0.78,70
4,2018/3/5,¡º,59,253,35,65,14,41,0.98,57
5,2018/3/6,¡º,68,277,47,80,19,51,1.28,50
6,2018/3/7,«·∂»Œ€»æ,119,352,53,187,18,42,0.91,56
7,2018/3/8,¡º,90,309,42,128,22,61,1.29,50
8,2018/3/9,¡º,83,252,46,115,31,69,1.71,48
9,2018/3/10,¡º,82,212,47,108,26,71,1.49,61
10,2018/3/11,¡º,86,223,55,120,34,74,1.7,59
11,2018/3/12,¡º,93,236,57,132,29,78,1.63,63
12,2018/3/13,¡º,84,206,49,115,30,74,1.5,52
13,2018/3/14,¡º,86,238,44,109,36,76,1.49,63
14,2018/3/15,÷–∂»Œ€»æ,190,347,58,286,19,50,0.97,59
15,2018/3/16,÷ÿ∂»Œ€»æ,223,354,66,347,22,51,1.11,80
16,2018/3/17,—œ÷ÿŒ€»æ,323,364,89,434,16,25,0.66,85
17,2018/3/18,÷–∂»Œ€»æ,180,354,72,307,16,30,0.66,74
18,2018/3/19,÷ÿ∂»Œ€»æ,203,361,73,328,18,47,1.17,57
19,2018/3/20,«·∂»Œ€»æ,144,345,71,222,7,32,0.84,68
20,2018/3/21,«·∂»Œ€»æ,147,356,61,237,13,46,0.89,67
21,2018/3/22,¡º,97,276,43,141,22,64,1.33,46
22,2018/3/23,¡º,76,132,34,101,17,53,0.92,59
23,2018/3/24,¡º,78,159,32,103,18,55,1.03,66
24,2018/3/25,¡º,89,211,44,123,22,59,1.13,75
25,2018/3/26,«·∂»Œ€»æ,141,335,61,231,24,70,1.35,53
26,2018/3/27,«·∂»Œ€»æ,123,319,58,195,28,70,1.52,60
27,2018/3/28,«·∂»Œ€»æ,103,276,52,154,31,67,1.33,66
28,2018/3/29,«·∂»Œ€»æ,118,299,44,183,16,55,1.09,68
29,2018/3/30,÷–∂»Œ€»æ,157,342,68,248,7,25,0.54,73
30,2018/3/31,«·∂»Œ€»æ,141,336,63,231,12,37,0.88,57
0,2018/2/1,¡º,91,219,53,131,32,50,1.6,45
1,2018/2/2,¡º,75,196,35,97,17,38,1.03,55
2,2018/2/3,¡º,83,297,53,115,27,50,1.62,42
3,2018/2/4,¡º,83,282,56,114,29,59,1.63,41
4,2018/2/5,«·∂»Œ€»æ,105,335,77,140,39,70,2.19,40
5,2018/2/6,¡º,97,296,71,127,42,70,1.95,42
6,2018/2/7,¡º,93,221,61,134,44,72,1.87,34
7,2018/2/8,¡º,91,182,60,128,33,62,2.02,36
8,2018/2/9,—œ÷ÿŒ€»æ,376,366,133,805,12,21,0.67,73
9,2018/2/10,¡º,81,164,32,111,11,26,0.72,68
10,2018/2/11,¡º,91,220,51,130,46,53,1.58,45
11,2018/2/12,¡º,85,250,53,119,45,67,1.99,40
12,2018/2/13,«·∂»Œ€»æ,106,305,78,147,51,86,2.83,38
13,2018/2/14,¡º,95,252,62,127,36,66,1.94,40
14,2018/2/15,¡º,75,171,47,98,50,58,1.79,43
15,2018/2/16,¡º,100,140,71,139,63,65,2.1,50
16,2018/2/17,¡º,84,171,39,115,20,25,0.76,78
17,2018/2/18,¡º,64,193,32,75,23,22,0.8,68
18,2018/2/19,¡º,72,253,43,90,21,30,1.1,64
19,2018/2/20,¡º,63,179,35,75,21,18,0.67,79
20,2018/2/21,¡º,51,154,34,51,20,29,0.93,65
21,2018/2/22,¡º,68,219,47,78,31,60,1.55,52
22,2018/2/23,¡º,75,252,39,98,26,44,1.21,48
23,2018/2/24,«·∂»Œ€»æ,128,349,50,203,27,49,1.3,50
24,2018/2/25,¡º,95,293,53,138,36,69,1.9,58
25,2018/2/26,¡º,85,239,53,118,44,64,1.64,46
26,2018/2/27,¡º,85,239,60,104,18,60,1.62,44
27,2018/2/28,¡º,75,223,49,93,32,55,1.7,60
0,2018/1/1,«·∂»Œ€»æ,147,275,93,240,57,90,2.74,40
1,2018/1/2,¡º,89,179,37,125,20,35,0.78,51
2,2018/1/3,¡º,96,300,65,115,25,46,1.32,35
3,2018/1/4,«·∂»Œ€»æ,125,354,94,130,20,60,2.01,23
4,2018/1/5,«·∂»Œ€»æ,110,317,82,112,14,46,1.82,24
5,2018/1/6,¡º,91,229,67,95,16,28,1.22,52
6,2018/1/7,¡º,69,206,38,87,17,21,0.67,68
7,2018/1/8,¡º,83,248,50,114,28,59,1.66,40
8,2018/1/9,«·∂»Œ€»æ,101,347,73,142,48,81,2.5,31
9,2018/1/10,«·∂»Œ€»æ,110,344,79,151,52,94,2.83,30
10,2018/1/11,«·∂»Œ€»æ,114,337,85,151,55,90,2.88,28
11,2018/1/12,«·∂»Œ€»æ,130,342,98,172,60,93,3.4,24
12,2018/1/13,«·∂»Œ€»æ,140,304,102,187,50,83,2.96,37
13,2018/1/14,«·∂»Œ€»æ,117,247,82,173,50,74,2.49,30
14,2018/1/15,«·∂»Œ€»æ,113,196,73,144,29,53,1.6,40
15,2018/1/16,«·∂»Œ€»æ,109,190,67,165,53,84,2.63,36
16,2018/1/17,«·∂»Œ€»æ,124,216,42,169,19,38,0.83,53
17,2018/1/18,¡º,99,152,60,146,50,75,2.1,22
18,2018/1/19,«·∂»Œ€»æ,113,183,79,170,55,78,2.65,30
19,2018/1/20,¡º,91,155,61,128,50,72,1.95,28
20,2018/1/21,¡º,85,171,49,119,48,61,1.69,31
21,2018/1/22,¡º,94,237,53,135,44,62,1.85,39
22,2018/1/23,¡º,94,242,57,136,39,62,1.78,38
23,2018/1/24,¡º,92,300,62,128,32,56,1.56,29
24,2018/1/25,«·∂»Œ€»æ,102,333,73,129,29,46,1.38,40
25,2018/1/26,«·∂»Œ€»æ,123,348,92,135,35,59,2.13,37
26,2018/1/27,«·∂»Œ€»æ,105,308,78,113,28,32,1.28,56
27,2018/1/28,¡º,72,215,38,92,19,24,0.73,56
28,2018/1/29,¡º,83,220,56,110,24,43,1.32,39
29,2018/1/30,¡º,75,157,41,98,28,25,0.72,56
30,2018/1/31,«·∂»Œ€»æ,110,282,60,169,30,62,1.91,33
0,2017/12/1,«·∂»Œ€»æ,113,322,75,167,51,95,2.48,27
1,2017/12/2,«·∂»Œ€»æ,131,302,98,190,56,102,2.71,25
2,2017/12/3,«·∂»Œ€»æ,108,257,79,152,48,82,2.13,33
3,2017/12/4,¡º,72,213,41,93,34,65,1.42,36
4,2017/12/5,¡º,76,213,40,101,32,71,1.79,27
5,2017/12/6,¡º,86,163,56,120,46,66,2.05,25
6,2017/12/7,¡º,72,122,41,92,41,56,1.5,30
7,2017/12/8,¡º,76,216,43,100,48,64,1.93,21
8,2017/12/9,¡º,96,270,57,139,54,68,2.11,28
9,2017/12/10,¡º,98,255,59,144,43,83,2.2,29
10,2017/12/11,«·∂»Œ€»æ,116,319,82,175,55,91,2.9,26
11,2017/12/12,«·∂»Œ€»æ,109,308,75,163,55,82,2.7,27
12,2017/12/13,«·∂»Œ€»æ,121,334,88,175,67,81,2.48,31
13,2017/12/14,¡º,88,233,50,124,34,52,1.43,34
14,2017/12/15,¡º,68,201,34,85,29,38,0.92,50
15,2017/12/16,¡º,58,176,30,66,25,45,1.03,42
16,2017/12/17,¡º,93,319,64,131,49,75,2.42,24
17,2017/12/18,¡º,89,296,60,121,55,70,2.37,22
18,2017/12/19,«·∂»Œ€»æ,104,322,73,142,61,84,2.84,31
19,2017/12/20,«·∂»Œ€»æ,132,348,99,185,69,104,3.68,25
20,2017/12/21,÷–∂»Œ€»æ,167,360,126,215,65,122,4.12,26
21,2017/12/22,«·∂»Œ€»æ,148,312,112,197,73,112,3.53,23
22,2017/12/23,¡º,97,134,50,141,38,64,1.78,34
23,2017/12/24,«·∂»Œ€»æ,115,238,63,178,51,85,2.56,25
24,2017/12/25,«·∂»Œ€»æ,111,309,76,167,61,92,2.91,26
25,2017/12/26,«·∂»Œ€»æ,121,272,88,177,75,112,3.65,23
26,2017/12/27,÷–∂»Œ€»æ,152,290,115,208,62,124,3.93,29
27,2017/12/28,—œ÷ÿŒ€»æ,273,351,142,657,46,77,2.51,32
28,2017/12/29,—œ÷ÿŒ€»æ,481,361,119,720,13,43,0.96,44
29,2017/12/30,—œ÷ÿŒ€»æ,319,356,104,435,22,65,1.93,23
30,2017/12/31,÷–∂»Œ€»æ,187,302,102,319,45,79,2.61,26
0,2017/11/1,«·∂»Œ€»æ,103,266,65,151,29,80,2.1,35
1,2017/11/2,¡º,97,205,57,143,27,72,1.94,39
2,2017/11/3,«·∂»Œ€»æ,122,292,59,192,30,70,2.03,35
3,2017/11/4,«·∂»Œ€»æ,118,329,68,184,36,75,2.17,32
4,2017/11/5,«·∂»Œ€»æ,106,292,73,158,27,78,2.14,39
5,2017/11/6,¡º,92,211,55,132,25,56,1.54,42
6,2017/11/7,¡º,86,142,50,119,25,67,1.37,43
7,2017/11/8,«·∂»Œ€»æ,102,223,62,153,33,81,2.13,26
8,2017/11/9,«·∂»Œ€»æ,109,280,45,165,16,40,0.81,46
9,2017/11/10,¡º,93,288,41,134,18,47,1.1,35
10,2017/11/11,¡º,98,346,61,143,26,58,1.84,35
11,2017/11/12,¡º,76,260,39,100,19,45,1.17,48
12,2017/11/13,¡º,75,231,38,97,22,52,1.21,46
13,2017/11/14,¡º,84,277,47,116,26,67,1.42,34
14,2017/11/15,¡º,100,298,61,147,32,74,2.04,24
15,2017/11/16,«·∂»Œ€»æ,118,311,82,176,34,78,2.34,29
16,2017/11/17,¡º,88,270,59,121,30,52,1.37,29
17,2017/11/18,¡º,80,339,44,108,36,52,1.37,22
18,2017/11/19,¡º,75,269,37,98,39,38,0.99,37
19,2017/11/20,¡º,88,289,45,124,30,66,1.43,22
20,2017/11/21,¡º,75,211,39,97,33,48,1.3,38
21,2017/11/22,¡º,77,246,39,103,28,62,1.18,40
22,2017/11/23,¡º,90,343,49,128,39,77,1.59,32
23,2017/11/24,«·∂»Œ€»æ,106,355,66,159,41,81,2.48,22
24,2017/11/25,«·∂»Œ€»æ,109,320,70,164,53,80,2.72,24
25,2017/11/26,«·∂»Œ€»æ,122,336,82,183,50,95,2.9,29
26,2017/11/27,«·∂»Œ€»æ,113,296,81,168,45,81,2.45,25
27,2017/11/28,¡º,94,200,55,133,40,67,1.69,27
28,2017/11/29,¡º,95,260,52,138,44,69,1.8,27
29,2017/11/30,¡º,88,322,47,123,38,82,1.85,32
0,2017/10/1,«·∂»Œ€»æ,107,348,53,157,12,47,0.7,83
1,2017/10/2,«·∂»Œ€»æ,115,357,50,178,6,17,0.33,75
2,2017/10/3,¡º,56,325,32,61,5,31,0.57,65
3,2017/10/5,¡º,60,316,35,68,9,36,0.77,45
4,2017/10/6,¡º,52,201,29,55,8,29,0.75,30
5,2017/10/7,¡º,58,193,28,64,9,32,0.77,54
6,2017/10/8,¡º,59,205,29,68,5,16,0.47,73
7,2017/10/9,”≈,33,82,19,30,4,21,0.42,60
8,2017/10/10,¡º,56,278,39,54,9,35,0.74,45
9,2017/10/11,¡º,78,353,57,83,16,40,0.98,40
10,2017/10/12,¡º,72,338,46,91,12,50,0.96,37
11,2017/10/13,¡º,78,314,51,99,18,55,1.2,21
12,2017/10/14,¡º,72,284,51,83,12,51,1.08,37
13,2017/10/15,¡º,98,321,69,129,17,66,1.51,28
14,2017/10/16,¡º,62,259,38,72,8,42,0.95,30
15,2017/10/17,”≈,40,159,25,38,6,33,0.93,39
16,2017/10/18,¡º,59,258,38,69,10,46,0.98,48
17,2017/10/19,¡º,70,245,43,89,11,55,1.15,37
18,2017/10/20,¡º,72,233,44,92,12,46,1.06,33
19,2017/10/21,¡º,79,247,39,107,12,49,0.97,36
20,2017/10/22,¡º,90,279,48,129,20,61,1.67,31
21,2017/10/23,¡º,73,231,37,94,12,49,1.44,38
22,2017/10/24,¡º,60,118,34,66,11,44,1.14,18
23,2017/10/25,¡º,61,110,39,69,13,45,1.13,29
24,2017/10/26,¡º,82,197,50,111,16,66,1.47,40
25,2017/10/27,¡º,91,215,54,131,16,53,1.5,54
26,2017/10/28,¡º,69,119,26,86,12,33,0.62,59
27,2017/10/29,¡º,83,257,41,114,14,44,0.85,39
28,2017/10/30,¡º,91,326,52,129,19,60,1.73,26
29,2017/10/31,¡º,94,287,56,137,24,69,1.79,25
0,2017/9/1,¡º,58,233,26,65,7,36,0.56,65
1,2017/9/2,¡º,75,306,34,91,9,50,0.65,58
2,2017/9/3,¡º,76,315,30,92,9,46,0.61,66
3,2017/9/4,¡º,60,268,25,67,8,31,0.42,60
4,2017/9/5,¡º,58,254,26,66,6,38,0.44,55
5,2017/9/6,¡º,71,320,31,84,12,45,0.74,59
6,2017/9/7,¡º,80,321,37,109,14,54,0.79,61
7,2017/9/8,¡º,54,182,26,56,6,50,0.5,32
8,2017/9/9,¡º,60,206,26,68,5,30,0.3,58
9,2017/9/10,¡º,78,341,32,100,12,49,0.63,59
10,2017/9/11,¡º,93,354,40,122,20,59,0.9,73
11,2017/9/12,¡º,73,272,30,94,8,40,0.7,53
12,2017/9/13,¡º,68,222,32,84,6,34,0.59,52
13,2017/9/14,¡º,68,231,39,83,9,41,0.81,49
14,2017/9/15,¡º,71,239,40,86,8,41,0.62,58
15,2017/9/16,¡º,56,145,26,58,7,35,0.61,82
16,2017/9/17,¡º,79,255,39,92,13,43,0.78,72
17,2017/9/18,¡º,63,147,39,73,11,46,0.73,40
18,2017/9/19,¡º,56,141,37,60,6,45,0.65,49
19,2017/9/20,¡º,72,281,43,89,10,53,0.9,54
20,2017/9/21,¡º,71,255,38,88,10,50,0.79,53
21,2017/9/22,¡º,74,271,39,96,20,51,0.94,52
22,2017/9/23,¡º,63,207,31,74,9,42,0.73,36
23,2017/9/24,¡º,74,286,40,96,10,47,0.86,47
24,2017/9/25,¡º,93,334,50,134,12,43,0.84,58
25,2017/9/26,¡º,69,297,39,87,5,29,0.52,60
26,2017/9/27,¡º,70,329,36,82,9,39,0.63,70
27,2017/9/28,¡º,82,341,37,110,15,55,0.73,67
28,2017/9/29,¡º,76,292,33,100,15,51,0.71,49
29,2017/9/30,¡º,75,286,36,97,13,45,0.79,60
0,2017/8/1,¡º,83,317,37,115,6,21,0.52,86
1,2017/8/2,¡º,84,350,34,78,8,40,0.75,92
2,2017/8/3,¡º,82,336,28,108,13,43,0.65,78
3,2017/8/4,¡º,68,253,24,60,4,26,0.6,110
4,2017/8/5,¡º,59,200,23,61,6,39,0.71,59
5,2017/8/6,¡º,52,161,21,54,5,36,0.75,50
6,2017/8/7,”≈,50,150,21,47,7,29,0.62,85
7,2017/8/8,¡º,61,270,25,67,7,42,0.62,62
8,2017/8/9,¡º,63,271,20,64,8,41,0.88,73
9,2017/8/10,¡º,81,301,28,93,17,47,1,82
10,2017/8/11,¡º,74,268,24,82,9,43,0.76,79
11,2017/8/12,¡º,57,229,20,59,11,30,0.65,80
12,2017/8/13,¡º,53,225,22,47,5,29,0.7,80
13,2017/8/14,¡º,73,327,26,83,9,46,0.68,74
14,2017/8/15,¡º,70,291,25,78,7,44,0.64,75
15,2017/8/16,¡º,70,287,25,85,8,44,0.6,68
16,2017/8/17,¡º,54,220,20,58,5,32,0.64,63
17,2017/8/18,¡º,57,237,22,62,7,35,0.72,59
18,2017/8/19,¡º,56,250,22,62,6,27,0.64,59
19,2017/8/20,”≈,42,119,17,33,3,21,0.43,74
20,2017/8/21,”≈,48,141,26,49,5,36,0.79,47
21,2017/8/22,”≈,42,93,15,25,4,23,0.58,82
22,2017/8/23,”≈,41,120,27,37,5,26,0.6,65
23,2017/8/24,¡º,60,291,37,66,9,45,0.81,31
24,2017/8/25,”≈,46,182,31,44,8,35,0.67,29
25,2017/8/26,”≈,39,116,22,36,5,29,0.62,60
26,2017/8/27,¡º,53,237,29,56,8,41,0.68,36
27,2017/8/28,”≈,47,213,28,46,6,38,0.55,47
28,2017/8/29,”≈,42,199,22,41,6,33,0.6,57
29,2017/8/30,¡º,65,339,34,77,7,44,0.8,47
30,2017/8/31,¡º,92,352,51,112,10,49,0.88,72
0,2017/7/1,¡º,74,256,24,63,6,38,0.67,108
1,2017/7/2,¡º,77,282,28,95,6,28,0.59,94
2,2017/7/3,¡º,56,207,19,43,8,25,0.61,100
3,2017/7/4,¡º,78,288,32,89,11,50,0.82,79
4,2017/7/5,”≈,48,155,23,49,6,35,0.66,65
5,2017/7/6,¡º,73,310,29,73,15,46,0.75,79
6,2017/7/7,¡º,81,331,30,83,14,56,0.77,81
7,2017/7/8,¡º,81,316,34,110,16,53,0.76,73
8,2017/7/9,¡º,64,279,21,67,8,30,0.62,99
9,2017/7/10,¡º,73,274,24,82,6,41,0.65,100
10,2017/7/11,¡º,94,301,28,93,8,47,0.73,112
11,2017/7/12,¡º,94,314,30,96,14,52,0.8,100
12,2017/7/13,¡º,73,261,35,82,5,36,0.72,111
13,2017/7/14,¡º,78,313,30,93,7,39,0.72,96
14,2017/7/15,¡º,75,321,24,76,6,38,0.68,101
15,2017/7/16,¡º,80,331,26,69,5,35,0.56,103
16,2017/7/17,¡º,70,298,25,56,5,28,0.61,113
17,2017/7/18,¡º,75,310,28,68,8,36,0.67,108
18,2017/7/19,¡º,79,323,29,83,8,41,0.74,98
19,2017/7/20,«·∂»Œ€»æ,147,365,68,213,7,18,0.61,100
20,2017/7/21,¡º,65,295,24,68,6,26,0.58,95
21,2017/7/22,¡º,78,316,32,104,8,15,0.46,91
22,2017/7/23,¡º,54,163,19,57,12,17,0.53,78
23,2017/7/24,¡º,52,140,19,52,10,16,0.5,95
24,2017/7/25,¡º,64,220,31,60,5,27,0.61,87
25,2017/7/26,”≈,48,99,26,48,7,20,0.58,68
26,2017/7/27,”≈,41,63,11,23,4,20,0.49,82
27,2017/7/28,”≈,49,113,18,35,5,25,0.66,87
28,2017/7/29,¡º,69,280,26,66,9,40,0.73,77
29,2017/7/30,¡º,86,316,31,82,9,45,0.76,89
30,2017/7/31,¡º,80,288,23,83,5,34,0.61,100
0,2017/6/1,¡º,83,262,43,102,6,36,0.61,110
1,2017/6/2,¡º,88,266,47,123,8,46,0.63,81
2,2017/6/3,¡º,66,223,46,72,8,36,0.72,88
3,2017/6/4,¡º,56,168,37,50,7,29,0.69,80
4,2017/6/5,¡º,58,256,29,51,5,39,0.71,76
5,2017/6/6,¡º,60,297,30,53,6,39,0.78,75
6,2017/6/7,¡º,67,242,32,70,10,36,0.73,86
7,2017/6/8,¡º,65,210,30,61,9,39,0.71,79
8,2017/6/9,¡º,56,180,26,45,5,30,0.63,89
9,2017/6/10,¡º,77,298,41,100,8,44,0.73,74
10,2017/6/11,¡º,84,313,36,106,7,43,0.69,76
11,2017/6/12,¡º,79,302,34,93,9,48,0.77,76
12,2017/6/13,¡º,61,231,29,67,5,37,0.66,80
13,2017/6/14,¡º,58,200,29,63,6,32,0.67,65
14,2017/6/15,¡º,61,175,34,69,11,30,0.81,84
15,2017/6/16,¡º,83,242,37,81,10,44,0.82,99
16,2017/6/17,¡º,85,227,39,94,10,50,0.73,91
17,2017/6/18,¡º,76,231,38,84,9,43,0.72,92
18,2017/6/19,¡º,85,299,41,115,10,53,0.77,74
19,2017/6/20,¡º,69,257,32,74,7,42,0.71,79
20,2017/6/21,¡º,58,175,26,56,5,35,0.69,82
21,2017/6/22,¡º,90,343,32,91,13,43,0.69,95
22,2017/6/23,¡º,89,344,35,125,8,25,0.46,86
23,2017/6/24,¡º,79,318,30,93,12,46,0.67,77
24,2017/6/25,¡º,89,325,32,101,11,49,0.67,93
25,2017/6/26,¡º,88,294,28,90,9,47,0.71,105
26,2017/6/27,¡º,75,238,31,83,7,39,0.74,105
27,2017/6/28,¡º,76,250,36,84,8,33,0.76,108
28,2017/6/29,¡º,78,254,33,80,6,44,0.76,96
29,2017/6/30,¡º,74,252,26,72,7,42,0.7,100
0,2017/5/1,¡º,94,275,41,119,14,52,0.8,95
1,2017/5/2,¡º,80,245,52,106,5,26,0.57,91
2,2017/5/3,÷–∂»Œ€»æ,195,350,69,283,5,28,0.45,79
3,2017/5/4,—œ÷ÿŒ€»æ,371,345,100,559,9,36,0.56,78
4,2017/5/5,—œ÷ÿŒ€»æ,422,362,191,759,7,28,0.37,81
5,2017/5/6,÷–∂»Œ€»æ,198,310,88,286,10,46,0.67,69
6,2017/5/7,¡º,82,169,47,109,5,32,0.57,82
7,2017/5/8,¡º,84,253,42,102,12,46,0.69,91
8,2017/5/9,«·∂»Œ€»æ,105,347,47,157,10,43,0.63,83
9,2017/5/10,«·∂»Œ€»æ,120,353,61,187,10,55,0.7,51
10,2017/5/11,¡º,70,181,30,81,9,39,0.59,82
11,2017/5/12,¡º,97,294,37,120,11,55,0.81,81
12,2017/5/13,«·∂»Œ€»æ,106,337,47,159,19,61,0.82,72
13,2017/5/14,¡º,67,193,27,57,4,22,0.52,111
14,2017/5/15,¡º,61,198,27,63,9,36,0.58,79
15,2017/5/16,¡º,73,273,35,86,10,45,0.65,74
16,2017/5/17,¡º,79,222,39,101,12,50,0.73,79
17,2017/5/18,¡º,64,103,30,65,9,38,0.61,87
18,2017/5/19,¡º,90,247,38,108,11,52,0.7,94
19,2017/5/20,¡º,71,193,39,89,6,32,0.57,88
20,2017/5/20,¡º,71,193,39,89,6,32,0.57,88
21,2017/5/21,«·∂»Œ€»æ,114,331,53,164,9,23,0.45,91
22,2017/5/22,«·∂»Œ€»æ,109,331,68,162,4,21,0.5,80
23,2017/5/23,¡º,69,330,36,86,5,23,0.47,96
24,2017/5/24,¡º,69,281,37,85,11,31,0.56,97
25,2017/5/25,¡º,71,238,35,86,9,38,0.67,81
26,2017/5/26,¡º,83,258,37,95,7,48,0.63,90
27,2017/5/27,¡º,86,209,35,102,9,54,0.69,84
28,2017/5/28,¡º,86,170,33,92,9,46,0.65,104
29,2017/5/29,«·∂»Œ€»æ,107,294,58,161,9,38,0.65,127
30,2017/5/30,«·∂»Œ€»æ,131,357,62,207,13,52,0.77,106
31,2017/5/31,«·∂»Œ€»æ,115,327,62,177,13,50,0.8,82
0,2017/4/1,¡º,76,217,34,100,13,55,0.85,66
1,2017/4/2,¡º,79,194,40,106,11,50,0.9,62
2,2017/4/3,¡º,69,103,45,83,8,46,0.94,54
3,2017/4/4,¡º,87,235,60,103,10,47,1.07,70
4,2017/4/5,¡º,98,279,55,138,14,66,1.07,72
5,2017/4/6,¡º,97,253,48,141,8,38,0.79,76
6,2017/4/7,«·∂»Œ€»æ,129,324,66,206,12,31,0.71,70
7,2017/4/8,”≈,50,91,32,50,6,23,0.62,56
8,2017/4/9,¡º,57,226,39,58,6,31,0.68,49
9,2017/4/10,¡º,56,199,39,54,7,30,0.58,61
10,2017/4/11,¡º,60,196,37,67,8,46,0.78,57
11,2017/4/12,¡º,82,274,42,112,10,45,0.89,60
12,2017/4/13,¡º,87,282,47,119,13,54,0.83,70
13,2017/4/14,«·∂»Œ€»æ,107,343,49,162,14,51,0.84,72
14,2017/4/15,¡º,61,75,34,71,5,34,0.58,81
15,2017/4/16,¡º,82,230,45,111,9,40,0.62,57
16,2017/4/17,÷–∂»Œ€»æ,178,351,115,509,11,45,0.75,69
17,2017/4/18,—œ÷ÿŒ€»æ,458,366,156,679,7,40,0.65,71
18,2017/4/19,¡º,70,153,32,85,5,21,0.43,92
19,2017/4/20,¡º,93,320,44,134,8,37,0.61,66
20,2017/4/21,«·∂»Œ€»æ,140,362,57,228,8,47,0.67,67
21,2017/4/22,«·∂»Œ€»æ,106,359,42,154,11,51,0.75,77
22,2017/4/23,¡º,92,328,35,120,13,56,0.79,86
23,2017/4/23,¡º,92,328,35,120,13,56,0.79,86
24,2017/4/24,¡º,99,342,40,144,11,50,0.66,82
25,2017/4/25,¡º,65,205,30,67,6,19,0.49,106
26,2017/4/26,¡º,57,198,28,61,5,33,0.52,73
27,2017/4/27,¡º,73,286,36,87,7,46,0.65,75
28,2017/4/28,¡º,87,322,39,111,14,52,0.76,78
29,2017/4/29,¡º,91,280,41,110,16,54,0.79,88
30,2017/4/30,¡º,74,137,37,88,10,28,0.59,112
0,2017/3/1,÷–∂»Œ€»æ,171,357,50,259,11,42,0.82,78
1,2017/3/2,¡º,99,338,42,146,22,54,1.22,67
2,2017/3/3,«·∂»Œ€»æ,101,329,46,150,23,57,1.26,67
3,2017/3/4,¡º,79,145,44,104,20,52,1.12,62
4,2017/3/5,¡º,59,120,30,62,12,35,0.75,81
5,2017/3/6,¡º,68,230,39,83,16,49,1.11,69
6,2017/3/7,¡º,59,169,30,64,17,40,0.79,88
7,2017/3/8,¡º,71,228,43,90,21,58,1.16,72
8,2017/3/9,¡º,70,166,43,88,25,50,1.09,66
9,2017/3/10,¡º,66,127,44,77,14,40,1.08,58
10,2017/3/11,¡º,65,150,45,72,15,35,0.82,88
11,2017/3/12,¡º,63,198,43,64,12,33,0.83,76
12,2017/3/13,¡º,64,265,43,66,15,32,0.83,81
13,2017/3/14,¡º,68,261,48,67,11,44,1.04,73
14,2017/3/15,¡º,78,266,56,89,12,53,1.23,79
15,2017/3/16,«·∂»Œ€»æ,107,325,79,131,15,59,1.41,85
16,2017/3/17,¡º,69,170,45,82,10,34,0.93,76
17,2017/3/18,¡º,84,215,59,107,14,55,1.46,60
18,2017/3/19,¡º,66,161,46,71,8,39,1.27,76
19,2017/3/20,¡º,84,265,48,113,14,51,1.3,65
20,2017/3/21,¡º,72,214,41,91,11,47,1.17,65
21,2017/3/22,¡º,73,247,46,91,12,50,1.28,50
22,2017/3/23,¡º,68,237,40,83,8,29,0.68,70
23,2017/3/24,¡º,90,284,45,129,11,33,0.71,64
24,2017/3/25,¡º,91,290,32,129,9,25,0.58,83
25,2017/3/26,«·∂»Œ€»æ,107,336,43,162,13,54,0.96,67
26,2017/3/27,«·∂»Œ€»æ,120,340,54,179,18,56,1.19,71
27,2017/3/28,÷–∂»Œ€»æ,191,363,84,309,12,41,0.83,64
28,2017/3/29,«·∂»Œ€»æ,125,315,58,198,16,45,0.96,64
29,2017/3/30,¡º,59,118,28,67,9,29,0.65,83
30,2017/3/31,¡º,62,186,28,67,15,33,0.7,83
0,2017/2/1,¡º,81,230,46,109,32,46,1.44,43
1,2017/2/2,¡º,89,221,63,115,19,45,1.67,50
2,2017/2/3,¡º,91,202,66,121,27,51,1.66,46
3,2017/2/4,¡º,88,175,59,121,29,68,1.84,49
4,2017/2/5,«·∂»Œ€»æ,113,232,83,150,36,85,2.31,51
5,2017/2/6,«·∂»Œ€»æ,101,242,62,144,30,38,1.4,46
6,2017/2/7,¡º,86,282,30,121,14,19,0.6,76
7,2017/2/8,¡º,63,238,33,71,14,29,0.76,68
8,2017/2/9,¡º,84,268,61,100,15,46,1.23,55
9,2017/2/10,¡º,55,106,30,58,24,34,0.83,70
10,2017/2/11,¡º,89,261,59,104,27,64,1.64,55
11,2017/2/12,«·∂»Œ€»æ,125,285,93,152,28,81,2.15,49
12,2017/2/13,«·∂»Œ€»æ,109,233,81,139,32,71,1.91,65
13,2017/2/14,¡º,87,142,61,114,25,72,1.92,52
14,2017/2/15,«·∂»Œ€»æ,108,185,68,148,27,68,2.06,61
15,2017/2/16,«·∂»Œ€»æ,132,275,50,211,23,42,1.36,54
16,2017/2/17,«·∂»Œ€»æ,115,287,50,179,22,49,1.35,53
17,2017/2/18,«·∂»Œ€»æ,117,273,66,181,31,72,2.08,53
18,2017/2/19,«·∂»Œ€»æ,119,217,76,186,34,75,2.24,53
19,2017/2/20,÷–∂»Œ€»æ,152,337,62,252,21,41,1.4,65
20,2017/2/21,÷–∂»Œ€»æ,170,359,70,276,22,25,0.73,63
21,2017/2/22,«·∂»Œ€»æ,117,322,52,182,23,32,0.78,66
22,2017/2/23,¡º,89,273,52,124,17,49,1.21,62
23,2017/2/24,¡º,90,275,64,121,16,51,1.3,71
24,2017/2/25,¡º,63,160,37,74,19,43,1.01,75
25,2017/2/26,¡º,71,178,46,90,24,50,1.22,77
26,2017/2/27,¡º,80,192,53,105,25,53,1.33,78
27,2017/2/28,¡º,92,210,34,125,16,33,0.81,90
0,2017/1/1,¡º,95,110,68,126,43,73,2.18,22
1,2017/1/2,«·∂»Œ€»æ,128,164,95,157,45,86,2.62,30
2,2017/1/3,«·∂»Œ€»æ,142,170,107,178,52,102,3.08,29
3,2017/1/4,÷–∂»Œ€»æ,181,240,138,210,57,122,3.53,31
4,2017/1/5,÷–∂»Œ€»æ,171,278,129,201,48,109,3.15,34
5,2017/1/6,¡º,84,205,51,116,33,53,1.26,45
6,2017/1/7,¡º,73,204,47,91,31,65,1.61,36
7,2017/1/8,¡º,68,140,44,84,31,52,1.32,42
8,2017/1/9,¡º,53,89,31,56,28,41,0.97,50
9,2017/1/10,”≈,47,90,25,47,20,28,0.75,65
10,2017/1/11,¡º,77,199,52,91,31,61,1.55,28
11,2017/1/12,«·∂»Œ€»æ,115,288,86,142,36,78,2.14,32
12,2017/1/13,«·∂»Œ€»æ,128,309,96,163,41,84,2.17,33
13,2017/1/14,«·∂»Œ€»æ,117,314,87,149,46,74,1.89,43
14,2017/1/15,¡º,87,248,55,119,39,56,1.27,53
15,2017/1/16,¡º,79,182,39,107,34,50,0.98,50
16,2017/1/17,¡º,67,122,39,83,30,45,1,52
17,2017/1/18,¡º,86,164,59,113,36,55,1.3,50
18,2017/1/19,—œ÷ÿŒ€»æ,261,363,74,395,23,40,0.89,65
19,2017/1/20,«·∂»Œ€»æ,138,349,71,224,38,63,1.67,35
20,2017/1/21,¡º,99,286,60,145,43,70,1.97,38
21,2017/1/22,¡º,86,210,54,118,45,70,1.93,40
22,2017/1/23,«·∂»Œ€»æ,107,253,78,147,47,83,2.51,37
23,2017/1/24,«·∂»Œ€»æ,124,260,93,167,56,91,2.79,39
24,2017/1/25,÷–∂»Œ€»æ,171,283,122,420,38,77,2.39,45
25,2017/1/26,—œ÷ÿŒ€»æ,370,355,213,1398,15,28,0.68,58
26,2017/1/27,÷–∂»Œ€»æ,162,308,63,273,27,49,1.4,44
27,2017/1/28,÷–∂»Œ€»æ,155,215,56,253,28,30,0.9,56
28,2017/1/29,«·∂»Œ€»æ,102,234,35,152,18,27,0.8,66
29,2017/1/30,¡º,93,289,37,133,28,31,1.04,56
30,2017/1/31,¡º,86,263,39,120,27,37,1.11,52
0,2016/12/1,«·∂»Œ€»æ,133,289,97,201,49,94,2.55,33
1,2016/12/2,«·∂»Œ€»æ,145,287,109,198,34,101,2.55,29
2,2016/12/3,÷–∂»Œ€»æ,156,293,118,216,48,100,2.79,31
3,2016/12/4,÷–∂»Œ€»æ,174,316,132,237,47,120,3.19,37
4,2016/12/5,«·∂»Œ€»æ,102,206,54,146,25,59,1.33,44
5,2016/12/6,«·∂»Œ€»æ,113,265,70,173,40,88,2.43,32
6,2016/12/7,«·∂»Œ€»æ,125,232,91,189,48,100,2.75,34
7,2016/12/8,«·∂»Œ€»æ,147,256,110,213,48,118,2.92,28
8,2016/12/9,«·∂»Œ€»æ,137,287,102,193,43,98,2.69,27
9,2016/12/10,«·∂»Œ€»æ,141,307,103,191,43,109,2.63,40
10,2016/12/11,÷–∂»Œ€»æ,172,324,131,214,29,110,2.81,37
11,2016/12/12,«·∂»Œ€»æ,112,228,74,167,24,66,1.62,29
12,2016/12/13,«·∂»Œ€»æ,122,296,83,182,29,75,2.08,29
13,2016/12/14,«·∂»Œ€»æ,105,306,73,155,30,78,2.03,23
14,2016/12/15,¡º,100,251,69,146,33,77,2.03,25
15,2016/12/16,«·∂»Œ€»æ,126,262,93,174,34,95,2.53,30
16,2016/12/17,«·∂»Œ€»æ,149,290,112,195,43,99,2.71,26
17,2016/12/18,÷–∂»Œ€»æ,172,274,130,214,49,111,3.18,34
18,2016/12/19,÷–∂»Œ€»æ,166,227,125,207,45,99,2.93,29
19,2016/12/20,÷ÿ∂»Œ€»æ,229,294,110,284,37,73,2.31,39
20,2016/12/21,÷ÿ∂»Œ€»æ,221,323,67,341,23,52,1.27,39
21,2016/12/22,«·∂»Œ€»æ,145,320,75,238,39,77,2.44,16
22,2016/12/23,«·∂»Œ€»æ,138,315,97,221,48,108,2.78,31
23,2016/12/24,«·∂»Œ€»æ,115,288,85,167,41,81,2.4,42
24,2016/12/25,¡º,94,270,45,132,22,37,1,49
25,2016/12/26,¡º,74,281,34,97,20,33,0.9,55
26,2016/12/27,«·∂»Œ€»æ,101,311,68,139,34,81,2.09,44
27,2016/12/28,¡º,91,253,61,126,35,70,2.02,34
28,2016/12/29,¡º,82,189,50,111,47,74,1.94,24
29,2016/12/30,«·∂»Œ€»æ,113,216,84,151,48,85,2.53,29
30,2016/12/31,«·∂»Œ€»æ,122,187,92,160,54,91,2.82,24
0,2016/11/1,«·∂»Œ€»æ,104,342,63,156,22,65,1.68,31
1,2016/11/2,«·∂»Œ€»æ,114,312,76,174,28,85,2.02,35
2,2016/11/3,«·∂»Œ€»æ,138,330,100,209,29,102,2.4,44
3,2016/11/4,«·∂»Œ€»æ,142,314,105,212,27,97,2.4,34
4,2016/11/5,«·∂»Œ€»æ,137,281,102,206,30,100,2.31,30
5,2016/11/6,«·∂»Œ€»æ,102,177,51,151,22,47,0.96,57
6,2016/11/7,«·∂»Œ€»æ,122,318,54,191,14,31,0.74,64
7,2016/11/8,«·∂»Œ€»æ,122,353,68,192,25,65,1.35,34
8,2016/11/9,«·∂»Œ€»æ,121,345,71,191,29,73,1.67,37
9,2016/11/10,—œ÷ÿŒ€»æ,500,366,192,949,32,88,1.9,47
10,2016/11/11,—œ÷ÿŒ€»æ,400,367,134,558,33,78,2.03,31
11,2016/11/12,÷–∂»Œ€»æ,155,336,90,259,47,83,2.09,36
12,2016/11/13,÷–∂»Œ€»æ,154,305,106,255,48,95,2.24,30
13,2016/11/14,«·∂»Œ€»æ,118,257,66,184,39,80,1.77,39
14,2016/11/15,«·∂»Œ€»æ,130,308,95,205,38,103,2.48,43
15,2016/11/16,«·∂»Œ€»æ,144,318,107,222,40,98,2.6,42
16,2016/11/17,÷–∂»Œ€»æ,157,318,118,239,50,114,2.9,33
17,2016/11/18,—œ÷ÿŒ€»æ,255,352,126,417,32,87,2.25,53
18,2016/11/19,÷ÿ∂»Œ€»æ,204,349,79,330,22,57,1.22,44
19,2016/11/20,÷–∂»Œ€»æ,158,332,89,263,42,90,2.24,32
20,2016/11/21,«·∂»Œ€»æ,103,318,44,153,24,33,0.65,51
21,2016/11/22,¡º,70,329,32,88,18,29,0.77,46
22,2016/11/23,¡º,82,328,47,112,35,47,1.27,32
23,2016/11/24,¡º,96,289,62,139,51,53,1.42,33
24,2016/11/25,«·∂»Œ€»æ,121,296,62,188,39,48,1.11,37
25,2016/11/26,÷–∂»Œ€»æ,196,349,109,339,40,75,2.01,31
26,2016/11/27,÷–∂»Œ€»æ,158,337,106,261,48,86,2.51,32
27,2016/11/28,«·∂»Œ€»æ,117,285,76,181,40,55,1.72,40
28,2016/11/29,¡º,97,228,49,143,29,50,1.14,49
29,2016/11/30,«·∂»Œ€»æ,121,283,79,189,39,84,2.22,37
0,2016/10/1,¡º,79,280,38,105,12,51,1.23,56
1,2016/10/2,¡º,90,308,36,127,14,66,1.27,58
2,2016/10/3,÷–∂»Œ€»æ,155,350,68,257,18,43,1.18,70
3,2016/10/4,¡º,81,296,32,111,5,22,0.71,73
4,2016/10/5,¡º,79,300,35,106,10,41,0.92,51
5,2016/10/6,¡º,56,160,29,62,14,32,0.91,49
6,2016/10/7,¡º,64,252,25,75,17,26,0.52,65
7,2016/10/8,¡º,84,345,38,116,12,54,0.97,48
8,2016/10/9,¡º,60,241,37,67,7,38,0.95,66
9,2016/10/10,¡º,70,279,43,87,12,54,1.17,38
10,2016/10/11,¡º,95,335,66,126,13,69,1.3,26
11,2016/10/12,¡º,82,283,53,110,17,59,1.21,35
12,2016/10/13,¡º,81,275,46,109,14,53,1.14,49
13,2016/10/14,¡º,61,193,33,70,10,44,0.91,35
14,2016/10/15,¡º,79,276,51,106,13,56,1.3,46
15,2016/10/16,¡º,77,276,35,102,10,45,0.81,53
16,2016/10/17,¡º,86,299,49,119,14,61,1.52,43
17,2016/10/18,¡º,96,284,50,140,18,62,1.44,44
18,2016/10/19,¡º,84,237,45,115,15,49,1.18,32
19,2016/10/20,«·∂»Œ€»æ,122,336,52,160,15,31,1.05,49
20,2016/10/21,«·∂»Œ€»æ,114,348,49,173,13,19,0.56,77
21,2016/10/22,”≈,49,228,28,51,9,31,0.79,50
22,2016/10/23,¡º,82,352,56,100,13,51,1.14,22
23,2016/10/24,¡º,53,217,34,56,11,34,0.8,47
24,2016/10/25,¡º,66,254,38,81,15,46,1.01,36
25,2016/10/26,¡º,75,297,47,97,15,55,1.04,40
26,2016/10/27,¡º,51,211,30,58,11,20,0.52,63
27,2016/10/28,”≈,41,154,20,36,12,26,0.61,58
28,2016/10/29,¡º,60,279,39,71,10,41,0.97,42
29,2016/10/30,¡º,77,316,49,101,15,37,1.19,43
30,2016/10/31,¡º,98,355,51,141,18,62,1.38,35
0,2016/9/1,¡º,83,306,42,106,9,58,1.16,72
1,2016/9/2,¡º,84,305,38,115,12,56,1.06,53
2,2016/9/3,¡º,74,229,40,96,6,49,0.94,66
3,2016/9/4,¡º,87,280,45,120,8,56,1.07,67
4,2016/9/5,¡º,78,247,37,104,11,52,0.93,60
5,2016/9/6,¡º,54,171,23,44,5,35,0.83,88
6,2016/9/7,¡º,78,320,38,103,10,67,1.15,67
7,2016/9/8,¡º,80,282,39,105,10,56,1.09,70
8,2016/9/9,¡º,57,171,24,52,5,34,0.82,92
9,2016/9/10,¡º,73,265,37,94,8,52,1.02,56
10,2016/9/11,¡º,73,284,36,91,12,46,0.96,71
11,2016/9/12,¡º,52,145,26,47,4,36,0.82,79
12,2016/9/13,¡º,67,228,34,79,6,49,1.04,65
13,2016/9/14,¡º,70,234,43,87,6,45,1.06,63
14,2016/9/15,¡º,66,244,39,77,6,48,1.11,70
15,2016/9/16,¡º,70,277,37,84,6,41,0.97,76
16,2016/9/17,¡º,56,208,29,59,6,25,0.88,85
17,2016/9/18,¡º,55,212,34,58,4,35,0.87,61
18,2016/9/19,¡º,74,329,44,95,7,49,1.01,56
19,2016/9/20,¡º,73,300,37,91,8,54,1.04,68
20,2016/9/21,¡º,77,261,36,102,8,60,1.18,56
21,2016/9/22,¡º,87,284,40,122,9,59,1.3,45
22,2016/9/23,¡º,82,240,45,113,11,63,1.29,49
23,2016/9/24,¡º,80,228,41,108,12,58,1.25,51
24,2016/9/25,¡º,67,193,29,80,7,50,1.19,61
25,2016/9/26,¡º,80,254,35,107,8,36,1.06,64
26,2016/9/27,¡º,67,248,32,86,5,22,0.79,63
27,2016/9/28,¡º,67,321,39,83,7,42,1.16,57
28,2016/9/29,¡º,73,315,41,95,10,55,1.08,44
29,2016/9/30,¡º,79,292,42,106,14,65,1.31,59
0,2016/8/1,¡º,58,235,19,56,4,18,0.86,89
1,2016/8/2,¡º,57,240,19,61,4,21,0.93,78
2,2016/8/3,¡º,60,267,23,64,3,20,0.77,83
3,2016/8/4,¡º,63,275,28,68,5,21,0.67,88
4,2016/8/5,¡º,72,308,27,82,6,32,0.76,90
5,2016/8/6,¡º,80,337,37,101,10,43,0.94,95
6,2016/8/7,¡º,100,364,39,112,11,51,0.98,103
7,2016/8/8,¡º,77,349,25,75,4,26,0.99,115
8,2016/8/9,¡º,67,296,26,71,4,19,0.97,102
9,2016/8/10,¡º,100,354,39,147,5,19,0.85,89
10,2016/8/11,¡º,63,284,23,66,6,23,1.01,87
11,2016/8/12,¡º,73,326,32,91,6,23,0.93,84
12,2016/8/13,¡º,68,304,27,78,7,22,0.97,86
13,2016/8/14,¡º,63,277,32,74,6,18,0.85,83
14,2016/8/15,¡º,52,219,33,56,3,35,0.88,77
15,2016/8/16,¡º,79,330,46,98,4,52,1.22,82
16,2016/8/17,¡º,67,256,32,76,4,31,1.18,82
17,2016/8/18,”≈,47,134,22,49,9,15,0.81,72
18,2016/8/19,”≈,43,130,17,38,8,17,0.86,80
19,2016/8/20,¡º,52,187,24,55,10,21,0.92,74
20,2016/8/21,¡º,77,316,46,96,9,29,1.11,89
21,2016/8/22,¡º,64,233,41,76,5,20,1.15,83
22,2016/8/23,”≈,34,18,18,32,4,21,0.76,55
23,2016/8/24,”≈,42,36,23,42,4,25,0.95,49
24,2016/8/25,”≈,40,78,16,30,3,14,0.98,78
25,2016/8/26,¡º,53,256,22,53,8,31,0.91,67
26,2016/8/27,¡º,65,303,29,78,6,44,1.04,57
27,2016/8/28,¡º,76,296,31,87,6,46,0.99,83
28,2016/8/29,¡º,55,121,30,59,4,30,0.96,67
29,2016/8/30,¡º,67,217,32,77,5,50,0.98,72
30,2016/8/31,¡º,85,270,43,119,9,64,1.17,54
0,2016/7/1,¡º,78,340,33,100,11,46,0.9,83
1,2016/7/2,¡º,91,342,37,99,12,53,0.84,105
2,2016/7/3,¡º,82,307,26,90,10,41,0.87,112
3,2016/7/4,¡º,80,296,33,96,8,36,0.94,99
4,2016/7/5,¡º,65,256,31,79,4,19,0.75,80
5,2016/7/6,¡º,55,222,24,60,4,21,0.76,68
6,2016/7/7,¡º,52,210,20,55,4,21,0.81,63
7,2016/7/8,¡º,51,192,20,55,5,23,0.7,56
8,2016/7/9,¡º,71,300,36,92,4,26,0.93,45
9,2016/7/10,¡º,56,220,35,61,5,19,0.77,44
10,2016/7/11,”≈,33,46,20,30,4,21,0.75,57
11,2016/7/12,¡º,63,267,31,56,5,34,0.94,81
12,2016/7/13,¡º,57,241,24,60,4,38,0.84,63
13,2016/7/14,¡º,61,263,30,68,5,42,0.92,64
14,2016/7/15,¡º,80,351,28,83,9,45,1.01,87
15,2016/7/16,¡º,64,273,24,76,8,39,0.84,72
16,2016/7/17,¡º,83,302,34,111,11,51,0.98,74
17,2016/7/18,”≈,46,137,22,39,4,24,0.86,82
18,2016/7/19,¡º,72,311,33,71,7,42,1,88
19,2016/7/20,¡º,75,337,32,81,7,44,1,89
20,2016/7/21,¡º,94,356,48,136,9,46,0.97,73
21,2016/7/22,¡º,89,343,51,112,5,33,0.97,93
22,2016/7/23,¡º,67,257,23,64,5,33,0.94,91
23,2016/7/24,¡º,51,135,18,36,4,14,0.76,98
24,2016/7/25,¡º,63,220,31,73,6,39,0.91,60
25,2016/7/26,¡º,69,262,30,75,5,38,0.96,90
26,2016/7/27,¡º,83,320,32,94,9,43,0.93,93
27,2016/7/28,¡º,83,296,28,82,10,49,1.02,96
28,2016/7/29,¡º,77,259,31,91,9,42,1.19,91
29,2016/7/30,¡º,61,185,26,61,4,22,0.89,85
30,2016/7/31,¡º,60,222,20,54,5,17,0.87,89
0,2016/6/1,¡º,74,295,49,93,9,48,0.89,62
1,2016/6/2,¡º,70,257,42,86,10,44,0.78,68
2,2016/6/3,¡º,84,303,39,100,13,52,0.78,87
3,2016/6/4,¡º,52,154,22,52,7,32,0.62,66
4,2016/6/5,¡º,79,295,31,84,11,50,0.83,85
5,2016/6/6,¡º,74,248,35,95,13,55,0.84,67
6,2016/6/7,¡º,63,186,28,55,8,32,0.78,89
7,2016/6/8,”≈,50,104,19,40,5,24,0.7,86
8,2016/6/9,¡º,53,134,25,57,9,38,0.71,62
9,2016/6/10,¡º,63,201,29,70,9,42,0.84,72
10,2016/6/11,¡º,88,322,48,125,12,43,0.8,57
11,2016/6/12,¡º,66,265,31,69,7,48,0.81,75
12,2016/6/13,¡º,75,276,30,93,8,50,0.82,71
13,2016/6/14,«·∂»Œ€»æ,109,356,49,166,7,24,0.56,49
14,2016/6/15,¡º,55,196,27,61,10,21,0.62,50
15,2016/6/16,¡º,70,237,30,83,10,47,0.97,81
16,2016/6/17,¡º,79,259,35,105,14,55,0.95,66
17,2016/6/18,¡º,96,321,53,138,21,77,1.31,59
18,2016/6/19,¡º,80,297,40,99,12,48,0.97,79
19,2016/6/20,¡º,59,221,33,72,7,39,0.81,56
20,2016/6/21,¡º,76,303,43,85,8,41,0.95,82
21,2016/6/22,¡º,80,320,50,104,21,58,1.08,79
22,2016/6/23,¡º,53,212,32,53,8,25,0.79,74
23,2016/6/24,¡º,77,351,46,94,7,58,1.06,55
24,2016/6/25,¡º,71,303,30,67,6,40,0.84,86
25,2016/6/26,¡º,68,251,36,81,4,28,0.8,88
26,2016/6/27,«·∂»Œ€»æ,112,350,59,168,9,42,0.9,81
27,2016/6/28,¡º,80,297,35,101,8,71,1.07,59
28,2016/6/29,¡º,100,348,44,125,17,58,1.11,94
29,2016/6/30,¡º,69,282,27,80,8,44,0.9,73
0,2016/5/1,÷ÿ∂»Œ€»æ,201,358,74,274,11,33,0.67,82
1,2016/5/2,¡º,77,251,24,50,4,24,0.57,130
2,2016/5/3,¡º,99,350,50,131,11,61,0.96,97
3,2016/5/4,«·∂»Œ€»æ,123,354,66,190,16,49,0.95,103
4,2016/5/5,¡º,100,307,52,147,9,23,0.6,95
5,2016/5/6,¡º,98,261,47,144,13,17,0.66,75
6,2016/5/7,¡º,84,265,49,109,8,37,0.77,70
7,2016/5/8,«·∂»Œ€»æ,112,360,64,172,16,47,0.87,69
8,2016/5/9,¡º,74,279,35,90,8,26,0.66,94
9,2016/5/10,¡º,95,318,48,117,12,59,0.98,92
10,2016/5/11,÷–∂»Œ€»æ,179,353,99,385,18,53,1.03,87
11,2016/5/12,¡º,96,257,32,105,6,18,0.5,140
12,2016/5/13,¡º,92,321,33,132,10,36,0.72,95
13,2016/5/14,¡º,63,200,32,71,4,27,0.63,88
14,2016/5/15,«·∂»Œ€»æ,109,363,60,161,11,53,0.69,77
15,2016/5/16,¡º,72,263,39,81,11,59,0.89,77
16,2016/5/17,¡º,65,114,44,78,6,27,0.74,87
17,2016/5/18,¡º,70,133,41,73,9,47,0.85,84
18,2016/5/19,¡º,66,123,28,62,9,31,0.73,105
19,2016/5/20,«·∂»Œ€»æ,125,339,75,184,11,14,0.56,82
20,2016/5/21,”≈,39,79,24,37,5,20,0.66,62
21,2016/5/22,”≈,32,31,19,26,7,18,0.59,62
22,2016/5/23,”≈,40,69,21,33,5,29,0.73,89
23,2016/5/24,¡º,73,235,39,92,14,30,0.79,82
24,2016/5/25,”≈,45,67,21,43,4,18,0.51,78
25,2016/5/26,”≈,49,126,24,44,4,28,0.6,82
26,2016/5/27,¡º,64,235,31,72,7,35,0.73,101
27,2016/5/28,¡º,86,307,52,118,15,60,1.12,68
28,2016/5/29,¡º,82,304,43,96,12,50,0.96,94
29,2016/5/30,¡º,69,191,32,76,7,35,0.82,92
30,2016/5/31,¡º,68,193,39,82,8,33,0.81,82
0,2016/4/1,«·∂»Œ€»æ,142,340,59,232,8,32,0.75,78
1,2016/4/2,¡º,83,204,27,114,15,25,0.76,71
2,2016/4/3,«·∂»Œ€»æ,103,336,34,153,15,36,1,76
3,2016/4/4,¡º,88,316,38,125,13,40,1.07,75
4,2016/4/5,¡º,67,202,36,82,10,38,0.98,79
5,2016/4/6,¡º,65,222,33,79,5,35,0.92,65
6,2016/4/7,¡º,77,252,32,102,8,37,0.95,80
7,2016/4/8,¡º,72,225,24,92,7,37,1.01,67
8,2016/4/9,¡º,57,147,25,61,7,42,1.02,69
9,2016/4/10,¡º,86,260,40,117,14,62,0.96,73
10,2016/4/11,¡º,88,268,41,125,13,48,0.91,77
11,2016/4/12,¡º,88,268,34,124,9,32,0.67,74
12,2016/4/13,¡º,85,211,37,118,7,40,0.83,65
13,2016/4/14,¡º,72,157,30,89,9,45,0.79,77
14,2016/4/15,¡º,68,169,25,86,4,20,0.58,85
15,2016/4/16,”≈,48,107,22,48,3,21,0.58,84
16,2016/4/17,¡º,55,161,19,51,3,30,0.6,94
17,2016/4/18,¡º,90,349,40,118,12,66,1.12,83
18,2016/4/19,¡º,77,279,31,102,7,39,0.76,73
19,2016/4/20,¡º,88,306,34,125,10,46,0.84,72
20,2016/4/21,¡º,78,240,31,102,12,48,0.89,83
21,2016/4/22,¡º,83,234,33,114,9,50,0.85,67
22,2016/4/23,¡º,51,129,26,47,4,35,0.76,81
23,2016/4/24,¡º,90,285,38,89,7,52,0.97,96
24,2016/4/25,¡º,79,244,34,106,5,33,0.87,84
25,2016/4/26,¡º,64,201,30,71,4,30,0.63,95
26,2016/4/27,¡º,85,292,41,87,9,54,0.9,98
27,2016/4/28,¡º,100,322,49,132,15,63,0.94,94
28,2016/4/29,«·∂»Œ€»æ,101,292,49,137,15,56,0.97,88
29,2016/4/30,¡º,84,213,44,115,9,43,0.8,91
0,2016/3/1,¡º,67,117,32,82,19,38,1.21,59
1,2016/3/2,¡º,61,56,26,71,15,46,1.42,51
2,2016/3/3,¡º,66,74,33,72,27,58,1.63,64
3,2016/3/4,÷–∂»Œ€»æ,177,297,54,250,11,32,0.93,57
4,2016/3/5,«·∂»Œ€»æ,129,214,41,206,13,38,0.97,55
5,2016/3/6,«·∂»Œ€»æ,150,255,61,248,21,49,1.3,54
6,2016/3/7,÷–∂»Œ€»æ,159,310,66,266,19,46,1.21,64
7,2016/3/8,«·∂»Œ€»æ,140,347,53,215,20,41,1.2,63
8,2016/3/9,÷–∂»Œ€»æ,170,353,58,251,17,16,0.82,64
9,2016/3/10,¡º,71,306,42,90,12,30,1.07,59
10,2016/3/11,¡º,88,303,53,124,16,43,1.3,62
11,2016/3/12,«·∂»Œ€»æ,148,349,82,243,12,32,1.03,55
12,2016/3/13,¡º,81,216,41,109,11,39,1.05,61
13,2016/3/14,¡º,86,205,49,121,15,46,1.17,60
14,2016/3/15,¡º,83,150,42,114,14,50,1,67
15,2016/3/16,¡º,72,123,42,92,13,37,1.02,66
16,2016/3/17,«·∂»Œ€»æ,103,203,47,154,10,46,0.96,60
17,2016/3/18,«·∂»Œ€»æ,131,249,68,210,19,71,1.49,62
18,2016/3/19,«·∂»Œ€»æ,103,218,54,154,10,41,1.05,75
19,2016/3/20,«·∂»Œ€»æ,112,278,67,171,12,46,1.32,66
20,2016/3/21,”≈,48,72,30,48,9,33,1.41,64
21,2016/3/22,¡º,89,250,57,125,10,39,1.17,64
22,2016/3/23,¡º,67,244,41,82,7,28,0.91,72
23,2016/3/24,¡º,53,166,26,54,6,36,0.86,67
24,2016/3/25,¡º,60,158,33,69,9,44,0.93,56
25,2016/3/26,¡º,68,161,25,84,8,49,0.91,64
26,2016/3/27,¡º,74,181,32,96,10,58,1.05,60
27,2016/3/28,¡º,90,243,36,129,10,50,0.99,65
28,2016/3/29,¡º,85,210,35,118,10,51,0.98,61
29,2016/3/30,¡º,84,192,39,116,11,62,1.12,64
30,2016/3/31,¡º,98,250,44,140,14,74,1.32,71
0,2016/2/1,¡º,73,175,48,86,34,37,1.37,45
1,2016/2/2,«·∂»Œ€»æ,101,209,75,124,34,56,1.97,34
2,2016/2/3,¡º,100,188,74,116,34,49,1.7,39
3,2016/2/4,¡º,88,197,59,114,25,42,1.33,52
4,2016/2/5,¡º,75,175,38,98,18,33,1.05,43
5,2016/2/6,¡º,70,201,45,87,23,52,1.44,36
6,2016/2/7,«·∂»Œ€»æ,105,278,75,128,38,70,2.11,43
7,2016/2/8,«·∂»Œ€»æ,137,155,104,153,45,67,2.25,45
8,2016/2/9,«·∂»Œ€»æ,104,248,77,122,37,67,2.3,43
9,2016/2/10,«·∂»Œ€»æ,113,276,84,127,37,72,2.48,48
10,2016/2/11,«·∂»Œ€»æ,113,262,78,137,29,50,2,52
11,2016/2/12,¡º,85,198,28,117,11,12,0.58,65
12,2016/2/13,¡º,52,180,15,54,14,16,0.62,61
13,2016/2/14,¡º,57,312,31,61,20,31,0.96,46
14,2016/2/15,¡º,64,326,41,70,20,38,1.08,52
15,2016/2/16,¡º,79,338,56,89,23,49,1.3,50
16,2016/2/17,¡º,93,331,68,109,27,59,1.61,46
17,2016/2/18,÷–∂»Œ€»æ,164,345,73,358,26,44,1.17,44
18,2016/2/19,—œ÷ÿŒ€»æ,322,357,81,479,11,23,0.64,67
19,2016/2/20,—œ÷ÿŒ€»æ,382,363,88,541,16,42,1.01,52
20,2016/2/21,÷–∂»Œ€»æ,157,354,62,259,25,48,1.21,38
21,2016/2/22,«·∂»Œ€»æ,128,296,59,205,22,38,1.1,47
22,2016/2/23,«·∂»Œ€»æ,117,300,57,182,16,38,0.91,59
23,2016/2/24,¡º,83,239,45,113,15,39,1.02,62
24,2016/2/25,¡º,71,187,40,89,16,42,1.04,55
25,2016/2/26,¡º,74,194,46,90,20,60,1.49,49
26,2016/2/27,¡º,79,220,47,103,20,48,1.32,51
27,2016/2/28,÷ÿ∂»Œ€»æ,201,356,77,270,14,41,0.99,40
28,2016/2/29,¡º,72,183,35,92,23,61,1.53,51
0,2016/1/1,÷–∂»Œ€»æ,156,262,118,178,54,91,3.64,29
1,2016/1/2,¡º,100,125,74,118,47,83,3.34,29
2,2016/1/3,¡º,96,124,69,125,50,75,2.99,24
3,2016/1/4,¡º,100,179,73,134,43,69,2.51,29
4,2016/1/5,¡º,68,177,38,83,32,59,1.58,30
5,2016/1/6,¡º,80,221,55,103,33,57,1.86,26
6,2016/1/7,¡º,79,200,54,98,38,62,1.96,31
7,2016/1/8,«·∂»Œ€»æ,109,266,81,132,43,76,2.44,30
8,2016/1/9,«·∂»Œ€»æ,128,240,97,146,34,76,2.55,28
9,2016/1/10,«·∂»Œ€»æ,105,214,76,118,35,56,1.87,32
10,2016/1/11,¡º,70,210,45,82,21,35,1.24,41
11,2016/1/12,¡º,66,211,39,79,24,35,1.13,36
12,2016/1/13,¡º,85,209,59,105,31,55,1.53,34
13,2016/1/14,¡º,89,198,60,110,31,72,1.77,29
14,2016/1/15,«·∂»Œ€»æ,138,285,103,166,38,102,2.67,31
15,2016/1/16,«·∂»Œ€»æ,122,237,88,151,40,79,2.23,35
16,2016/1/17,«·∂»Œ€»æ,125,266,50,197,23,60,1.46,34
17,2016/1/18,¡º,76,182,41,99,29,56,1.42,37
18,2016/1/19,¡º,94,196,54,135,34,52,1.65,33
19,2016/1/20,¡º,63,113,29,73,25,50,1.29,32
20,2016/1/21,¡º,80,245,40,107,31,43,1.51,35
21,2016/1/22,”≈,39,96,12,38,14,15,0.68,57
22,2016/1/23,¡º,56,178,20,61,16,31,0.9,47
23,2016/1/24,”≈,49,119,23,53,24,42,1.11,43
24,2016/1/25,¡º,85,301,60,102,34,62,1.92,32
25,2016/1/26,¡º,91,281,66,113,39,58,2.12,31
26,2016/1/27,«·∂»Œ€»æ,109,269,82,127,39,46,2.3,33
27,2016/1/28,«·∂»Œ€»æ,101,223,75,116,37,55,2.1,36
28,2016/1/29,«·∂»Œ€»æ,127,288,96,139,40,62,2.39,42
29,2016/1/30,«·∂»Œ€»æ,116,289,86,129,45,38,1.68,38
30,2016/1/31,¡º,65,179,35,78,28,25,1.01,51
0,2015/12/1,«·∂»Œ€»æ,109,244,64,158,24,62,1.82,32
1,2015/12/2,¡º,88,236,32,123,21,46,1.19,34
2,2015/12/3,¡º,76,264,35,100,29,61,1.43,21
3,2015/12/4,¡º,97,335,56,141,37,70,2.12,17
4,2015/12/5,«·∂»Œ€»æ,127,302,93,190,42,69,3.01,13
5,2015/12/6,«·∂»Œ€»æ,139,315,106,186,39,79,2.75,29
6,2015/12/7,«·∂»Œ€»æ,133,259,98,195,42,90,2.98,16
7,2015/12/8,«·∂»Œ€»æ,116,250,87,164,40,80,2.69,17
8,2015/12/9,«·∂»Œ€»æ,111,251,83,145,36,81,2.43,20
9,2015/12/10,«·∂»Œ€»æ,104,224,77,136,33,85,2.22,28
10,2015/12/11,«·∂»Œ€»æ,126,257,95,160,32,100,2.77,25
11,2015/12/12,¡º,58,116,40,58,13,28,1.08,34
12,2015/12/13,”≈,36,30,24,34,16,28,0.85,48
13,2015/12/14,¡º,62,143,43,71,21,51,1.3,32
14,2015/12/15,¡º,63,175,40,73,27,37,1.34,29
15,2015/12/16,¡º,69,274,42,81,24,45,1.48,25
16,2015/12/17,¡º,98,336,72,121,29,48,1.77,21
17,2015/12/18,«·∂»Œ€»æ,101,277,72,122,31,75,1.95,25
18,2015/12/19,«·∂»Œ€»æ,103,237,77,126,31,75,2.12,24
19,2015/12/20,«·∂»Œ€»æ,128,240,97,149,30,87,2.22,23
20,2015/12/21,«·∂»Œ€»æ,133,205,100,157,30,91,2.44,26
21,2015/12/22,«·∂»Œ€»æ,118,175,89,132,27,81,1.97,27
22,2015/12/23,«·∂»Œ€»æ,115,159,85,130,36,74,2.05,21
23,2015/12/24,¡º,95,187,70,113,33,66,2.04,24
24,2015/12/25,«·∂»Œ€»æ,121,242,90,149,40,77,2.69,24
25,2015/12/26,«·∂»Œ€»æ,139,277,105,171,47,93,3.26,15
26,2015/12/27,¡º,73,172,48,90,45,25,2.78,19
27,2015/12/28,¡º,89,187,60,117,50,40,2.86,20
28,2015/12/29,«·∂»Œ€»æ,111,203,82,134,52,51,3.07,26
29,2015/12/30,«·∂»Œ€»æ,149,235,112,173,51,59,3.11,26
30,2015/12/31,÷–∂»Œ€»æ,153,242,116,174,49,68,3.29,23
0,2015/11/1,¡º,97,308,71,131,34,88,2.14,32
1,2015/11/2,¡º,79,200,51,102,22,50,1.61,27
2,2015/11/3,¡º,63,95,37,74,16,30,1.39,44
3,2015/11/4,¡º,74,136,24,95,22,28,0.95,39
4,2015/11/5,¡º,74,167,35,96,20,37,1.18,21
5,2015/11/6,”≈,49,157,32,48,23,22,0.9,33
6,2015/11/7,¡º,69,272,38,87,11,28,1.09,36
7,2015/11/8,¡º,95,280,64,132,19,52,1.89,23
8,2015/11/9,«·∂»Œ€»æ,112,289,83,143,22,77,2.22,32
9,2015/11/10,¡º,93,254,68,116,23,63,1.86,26
10,2015/11/11,¡º,79,213,56,92,21,59,1.59,19
11,2015/11/12,¡º,68,178,47,78,17,58,1.8,25
12,2015/11/13,¡º,92,254,61,128,29,78,2.3,24
13,2015/11/14,¡º,73,195,39,95,24,39,1.57,23
14,2015/11/15,¡º,99,260,44,146,29,48,1.34,43
15,2015/11/16,¡º,98,309,41,144,25,48,1.44,29
16,2015/11/17,¡º,77,272,40,101,23,40,1.1,31
17,2015/11/18,¡º,93,330,69,110,19,45,1.38,25
18,2015/11/19,¡º,87,311,63,114,35,44,1.42,18
19,2015/11/20,«·∂»Œ€»æ,107,326,76,145,31,77,2.23,20
20,2015/11/21,«·∂»Œ€»æ,112,340,84,142,33,80,2.23,27
21,2015/11/22,¡º,90,335,65,113,25,51,1.58,32
22,2015/11/23,¡º,65,296,28,79,29,32,0.85,31
23,2015/11/24,”≈,45,203,23,45,20,29,0.77,35
24,2015/11/25,¡º,68,277,40,84,25,53,1.59,17
25,2015/11/26,«·∂»Œ€»æ,120,341,85,169,30,87,2.3,24
26,2015/11/27,«·∂»Œ€»æ,141,344,106,192,30,90,2.42,23
27,2015/11/28,«·∂»Œ€»æ,121,289,89,175,35,90,2.39,22
28,2015/11/29,«·∂»Œ€»æ,142,288,107,200,36,98,2.72,24
29,2015/11/30,÷–∂»Œ€»æ,161,286,122,224,40,114,3.01,31
0,2015/10/1,«·∂»Œ€»æ,111,338,40,170,16,51,1,34
1,2015/10/2,¡º,84,276,39,115,18,50,0.97,44
2,2015/10/3,¡º,97,286,39,142,17,58,0.94,38
3,2015/10/4,¡º,87,259,43,122,17,61,1.08,49
4,2015/10/5,¡º,81,249,35,110,16,42,1.06,45
5,2015/10/6,¡º,65,208,29,80,15,41,1.1,34
6,2015/10/7,¡º,96,312,47,140,19,38,0.94,42
7,2015/10/8,¡º,70,307,27,87,11,28,0.78,54
8,2015/10/9,¡º,77,308,36,102,16,53,1.11,45
9,2015/10/10,¡º,79,310,34,106,18,60,0.93,39
10,2015/10/11,¡º,77,284,33,103,17,62,1.01,34
11,2015/10/12,¡º,83,264,42,115,20,64,1.12,46
12,2015/10/13,¡º,68,145,41,83,13,54,0.99,53
13,2015/10/14,¡º,81,154,42,110,22,73,1.29,43
14,2015/10/15,¡º,99,204,60,145,24,76,1.62,39
15,2015/10/16,¡º,80,130,48,108,14,21,1.03,46
16,2015/10/17,¡º,63,71,23,75,10,21,0.74,48
17,2015/10/18,¡º,82,215,45,108,14,39,1.32,58
18,2015/10/19,«·∂»Œ€»æ,105,277,61,157,21,52,1.78,30
19,2015/10/20,¡º,100,244,58,146,21,44,1.46,32
20,2015/10/21,¡º,58,87,24,64,11,11,0.57,44
21,2015/10/22,”≈,46,48,24,48,8,28,0.95,32
22,2015/10/23,¡º,67,107,45,79,11,42,1.1,30
23,2015/10/24,¡º,54,80,35,57,8,30,1.06,34
24,2015/10/25,”≈,50,91,29,51,8,27,0.95,33
25,2015/10/26,”≈,45,65,20,47,9,23,0.73,46
26,2015/10/27,¡º,74,284,49,88,16,46,1.07,32
27,2015/10/28,¡º,93,304,68,115,23,50,1.35,22
28,2015/10/29,¡º,58,190,25,64,25,42,0.82,38
29,2015/10/30,¡º,61,221,31,70,23,30,0.79,41
30,2015/10/31,¡º,56,207,40,57,18,45,1.18,42
0,2015/9/1,¡º,58,203,28,64,10,30,1.17,68
1,2015/9/2,¡º,51,173,29,54,5,29,0.86,55
2,2015/9/3,”≈,50,167,33,45,5,37,0.95,31
3,2015/9/4,”≈,45,158,26,43,9,37,0.99,48
4,2015/9/5,¡º,73,340,33,94,13,49,1.15,44
5,2015/9/6,¡º,71,327,32,91,18,47,1.06,49
6,2015/9/7,¡º,58,212,27,65,9,30,0.76,56
7,2015/9/8,”≈,43,71,29,36,9,23,0.88,51
8,2015/9/9,”≈,31,30,20,24,7,27,0.87,52
9,2015/9/10,”≈,33,55,18,31,9,30,0.76,42
10,2015/9/11,¡º,54,209,26,59,10,52,0.89,27
11,2015/9/12,¡º,57,225,28,65,12,45,1.5,38
12,2015/9/13,¡º,64,255,27,70,15,49,0.95,66
13,2015/9/14,¡º,76,301,38,99,17,59,1.08,45
14,2015/9/15,¡º,60,163,26,67,10,33,0.91,39
15,2015/9/16,¡º,60,154,35,71,10,31,0.82,36
16,2015/9/17,¡º,75,236,39,99,18,48,1.11,26
17,2015/9/18,¡º,76,239,40,100,12,48,1.28,33
18,2015/9/19,¡º,77,253,41,101,11,45,1.25,9
19,2015/9/20,¡º,55,156,25,59,8,23,0.95,55
20,2015/9/21,¡º,93,288,42,117,22,27,1.21,35
21,2015/9/22,¡º,54,160,28,61,11,29,0.82,56
22,2015/9/23,¡º,90,326,53,115,13,62,1.32,13
23,2015/9/24,¡º,77,298,53,79,11,44,1.12,40
24,2015/9/25,«·∂»Œ€»æ,107,339,49,163,13,53,0.99,49
25,2015/9/26,¡º,96,341,57,140,18,72,1.36,49
26,2015/9/27,¡º,59,184,33,67,12,37,0.84,39
27,2015/9/28,¡º,52,164,30,59,10,36,0.85,46
28,2015/9/29,¡º,65,261,46,71,12,51,1.1,39
29,2015/9/30,¡º,84,320,40,114,20,36,0.91,27
0,2015/8/1,¡º,75,312,51,96,15,45,1.1,49
1,2015/8/2,¡º,67,282,35,82,10,33,0.82,65
2,2015/8/3,¡º,60,254,41,60,6,28,0.73,52
3,2015/8/4,¡º,58,237,36,61,7,38,0.81,51
4,2015/8/5,¡º,74,286,35,81,23,47,1.14,68
5,2015/8/6,¡º,69,287,31,77,17,47,0.96,72
6,2015/8/7,¡º,63,230,25,74,8,35,0.68,65
7,2015/8/8,”≈,45,145,24,43,8,27,0.71,66
8,2015/8/9,”≈,38,115,19,36,6,29,0.74,55
9,2015/8/10,¡º,56,257,26,56,14,41,0.88,72
10,2015/8/11,¡º,66,287,27,75,11,46,0.96,51
11,2015/8/12,¡º,63,228,29,74,16,34,0.96,67
12,2015/8/13,¡º,94,294,46,136,8,20,0.56,69
13,2015/8/14,¡º,63,202,29,69,9,46,0.96,62
14,2015/8/15,¡º,77,290,33,102,14,53,1.07,52
15,2015/8/16,÷–∂»Œ€»æ,175,357,62,237,9,35,0.77,47
16,2015/8/17,«·∂»Œ€»æ,114,318,56,177,12,30,0.86,60
17,2015/8/18,¡º,70,209,43,89,8,33,0.82,44
18,2015/8/19,¡º,67,273,36,83,16,49,1.12,44
19,2015/8/20,¡º,75,328,36,100,14,50,1.18,47
20,2015/8/21,¡º,61,217,24,68,11,40,0.95,62
21,2015/8/22,¡º,85,303,37,117,17,49,1.18,54
22,2015/8/23,¡º,62,191,30,72,15,43,1.15,56
23,2015/8/24,¡º,72,265,32,90,17,48,1.26,59
24,2015/8/25,¡º,79,300,34,107,14,58,1.2,48
25,2015/8/26,¡º,72,219,32,91,10,42,1.03,54
26,2015/8/27,¡º,60,171,28,68,6,36,0.94,56
27,2015/8/28,¡º,67,204,33,82,10,44,1.1,54
28,2015/8/29,¡º,78,287,38,102,14,59,1.08,53
29,2015/8/30,¡º,77,259,37,102,11,51,1.07,59
30,2015/8/31,¡º,61,216,28,69,14,25,0.81,65
0,2015/7/1,¡º,78,317,44,104,8,45,0.76,36
1,2015/7/2,¡º,66,262,45,71,5,37,0.92,27
2,2015/7/3,¡º,86,310,63,88,8,48,1.02,31
3,2015/7/4,«·∂»Œ€»æ,117,357,88,122,10,61,1.34,21
4,2015/7/5,¡º,71,268,47,67,8,43,0.85,38
5,2015/7/6,¡º,81,305,48,109,18,61,1.19,43
6,2015/7/7,¡º,78,288,38,103,11,46,0.88,40
7,2015/7/8,¡º,62,189,39,69,7,30,0.67,36
8,2015/7/9,¡º,52,128,33,45,7,32,0.73,56
9,2015/7/10,¡º,73,263,38,93,13,47,1.08,39
10,2015/7/11,¡º,66,230,36,80,5,29,0.98,44
11,2015/7/12,¡º,80,257,53,105,5,29,0.87,44
12,2015/7/13,¡º,76,195,41,99,11,37,1,59
13,2015/7/14,¡º,66,135,40,79,7,44,1.11,46
14,2015/7/15,¡º,72,233,38,93,9,48,1.24,46
15,2015/7/16,¡º,73,273,39,95,10,41,0.97,46
16,2015/7/17,¡º,73,286,46,92,12,51,1.3,51
17,2015/7/18,¡º,76,291,37,93,13,54,1.25,69
18,2015/7/19,¡º,99,351,40,129,21,58,1.31,70
19,2015/7/20,¡º,80,290,30,87,15,38,1.06,91
20,2015/7/21,¡º,65,217,32,78,13,43,1.05,74
21,2015/7/22,¡º,67,244,37,82,17,45,1.33,68
22,2015/7/23,¡º,58,231,25,53,7,38,0.98,80
23,2015/7/24,¡º,82,319,42,107,18,60,1.61,57
24,2015/7/25,¡º,94,326,45,126,16,62,1.58,62
25,2015/7/26,¡º,80,262,43,104,16,51,1.42,60
26,2015/7/27,¡º,74,257,43,94,14,47,1.27,63
27,2015/7/28,¡º,67,259,42,81,9,39,1.25,60
28,2015/7/29,¡º,72,291,47,91,14,42,1.14,48
29,2015/7/30,¡º,73,320,51,89,14,44,1.06,55
30,2015/7/31,¡º,70,310,48,83,8,35,0.88,59
0,2015/6/1,÷–∂»Œ€»æ,176,357,79,247,5,41,0.55,48
1,2015/6/2,«·∂»Œ€»æ,114,333,47,177,11,45,0.66,42
2,2015/6/3,¡º,70,284,26,89,7,37,0.53,47
3,2015/6/4,¡º,54,175,17,52,7,29,0.46,80
4,2015/6/5,¡º,93,322,39,127,22,57,0.79,73
5,2015/6/6,¡º,80,239,32,107,15,41,0.67,65
6,2015/6/7,¡º,80,283,35,109,13,36,0.52,60
7,2015/6/8,¡º,83,310,37,111,17,54,0.97,62
8,2015/6/9,«·∂»Œ€»æ,107,310,55,162,36,61,1,59
9,2015/6/10,«·∂»Œ€»æ,128,333,66,203,6,26,0.49,73
10,2015/6/11,¡º,100,334,41,144,16,44,0.76,70
11,2015/6/12,¡º,71,241,27,89,15,48,0.81,60
12,2015/6/13,¡º,72,255,30,93,21,49,1.06,58
13,2015/6/14,¡º,70,232,25,87,7,36,0.71,76
14,2015/6/15,¡º,68,208,28,85,7,36,0.7,74
15,2015/6/16,¡º,73,232,31,93,9,45,0.69,62
16,2015/6/17,¡º,81,265,38,110,14,57,0.87,50
17,2015/6/18,¡º,78,290,33,99,8,51,0.8,70
18,2015/6/19,¡º,64,213,32,75,10,22,0.59,94
19,2015/6/20,¡º,60,204,38,66,4,30,0.64,73
20,2015/6/21,¡º,77,249,45,95,13,51,0.95,68
21,2015/6/22,¡º,72,251,37,88,9,52,0.92,37
22,2015/6/23,¡º,60,199,36,63,6,37,0.8,68
23,2015/6/24,¡º,65,267,37,76,7,44,0.95,45
24,2015/6/25,¡º,76,321,48,87,7,47,1,64
25,2015/6/26,¡º,67,269,29,81,9,41,0.83,54
26,2015/6/27,”≈,49,181,17,51,5,22,0.72,44
27,2015/6/28,¡º,74,278,37,98,6,32,0.86,34
28,2015/6/29,«·∂»Œ€»æ,134,359,76,216,8,60,0.99,33
29,2015/6/30,¡º,98,356,53,144,5,42,0.77,47
0,2015/5/1,¡º,64,157,38,68,7,36,0.83,66
1,2015/5/2,¡º,67,234,34,83,16,39,0.78,61
2,2015/5/3,¡º,51,68,22,40,6,21,0.52,89
3,2015/5/4,¡º,67,184,30,76,10,39,0.78,75
4,2015/5/5,¡º,67,139,35,84,16,49,0.93,50
5,2015/5/6,«·∂»Œ€»æ,118,319,60,170,11,45,0.92,59
6,2015/5/7,¡º,100,276,56,147,19,43,0.82,52
7,2015/5/8,¡º,84,295,43,113,19,38,0.8,75
8,2015/5/9,¡º,68,233,36,87,19,49,1.11,53
9,2015/5/10,«·∂»Œ€»æ,132,339,60,185,5,26,0.91,57
10,2015/5/11,¡º,78,340,37,105,11,41,0.75,53
11,2015/5/12,«·∂»Œ€»æ,102,350,44,152,21,72,1.2,43
12,2015/5/13,«·∂»Œ€»æ,101,327,49,150,18,58,1.01,61
13,2015/5/14,«·∂»Œ€»æ,108,314,50,164,11,56,0.86,47
14,2015/5/15,«·∂»Œ€»æ,108,338,54,165,19,51,0.84,53
15,2015/5/16,¡º,92,294,47,132,16,51,0.68,56
16,2015/5/17,«·∂»Œ€»æ,102,288,51,134,14,52,0.9,63
17,2015/5/18,—œ÷ÿŒ€»æ,353,362,142,466,19,50,0.79,55
18,2015/5/19,«·∂»Œ€»æ,120,328,64,189,14,43,0.69,57
19,2015/5/20,”≈,50,119,25,53,7,32,0.55,59
20,2015/5/21,¡º,51,105,32,52,7,32,0.74,77
21,2015/5/22,¡º,76,222,47,98,10,48,0.76,55
22,2015/5/23,¡º,62,163,31,71,13,41,0.78,66
23,2015/5/24,¡º,74,193,33,96,17,48,0.92,53
24,2015/5/25,¡º,65,144,23,77,7,32,0.71,51
25,2015/5/26,¡º,75,183,33,98,13,47,1.11,51
26,2015/5/27,÷–∂»Œ€»æ,194,353,88,277,11,53,0.88,34
27,2015/5/28,”≈,47,63,22,48,6,27,0.74,43
28,2015/5/29,¡º,62,209,27,72,7,42,0.78,46
29,2015/5/30,¡º,65,232,30,77,13,53,0.71,50
30,2015/5/31,¡º,84,251,34,116,17,57,0.76,40
0,2015/4/1,«·∂»Œ€»æ,101,318,62,146,14,39,0.83,42
1,2015/4/2,÷ÿ∂»Œ€»æ,208,352,90,319,20,54,1,45
2,2015/4/3,«·∂»Œ€»æ,113,334,53,172,5,29,0.78,46
3,2015/4/4,«·∂»Œ€»æ,115,312,55,178,16,39,0.88,32
4,2015/4/5,¡º,66,174,22,81,19,30,0.68,73
5,2015/4/6,”≈,46,119,25,46,8,31,0.77,63
6,2015/4/7,”≈,49,177,23,50,8,34,1.01,63
7,2015/4/8,¡º,51,137,26,53,8,30,0.96,59
8,2015/4/9,¡º,55,131,30,60,9,29,0.8,67
9,2015/4/10,¡º,79,238,43,106,19,46,1.1,53
10,2015/4/11,¡º,93,285,33,133,8,33,0.64,71
11,2015/4/12,«·∂»Œ€»æ,121,359,40,175,14,30,0.5,65
12,2015/4/13,¡º,96,335,35,140,32,60,1.04,40
13,2015/4/14,«·∂»Œ€»æ,106,320,42,159,25,56,1.06,42
14,2015/4/15,«·∂»Œ€»æ,149,325,66,245,34,57,1.16,66
15,2015/4/16,÷ÿ∂»Œ€»æ,225,362,90,348,21,41,0.85,74
16,2015/4/17,÷–∂»Œ€»æ,163,354,72,257,23,43,1.14,66
17,2015/4/18,¡º,98,248,40,129,6,20,0.64,75
18,2015/4/19,¡º,62,178,22,65,10,30,0.7,98
19,2015/4/20,¡º,55,138,26,60,8,36,0.71,67
20,2015/4/21,¡º,56,129,30,63,9,43,0.89,60
21,2015/4/22,¡º,95,309,49,126,27,62,0.97,59
22,2015/4/23,¡º,69,137,31,87,20,53,0.97,53
23,2015/4/24,¡º,98,279,52,140,35,61,1.1,53
24,2015/4/25,¡º,69,109,40,85,17,48,0.86,65
25,2015/4/26,¡º,72,107,37,88,18,54,0.88,54
26,2015/4/27,¡º,95,271,53,120,26,63,1.08,70
27,2015/4/28,¡º,84,238,50,111,25,51,1.02,60
28,2015/4/29,¡º,75,183,42,93,17,48,0.91,70
29,2015/4/30,¡º,100,263,57,133,9,35,0.69,51
0,2015/3/1,¡º,71,225,46,83,30,37,2.2,65
1,2015/3/2,«·∂»Œ€»æ,143,342,61,242,23,31,1.59,48
2,2015/3/3,÷ÿ∂»Œ€»æ,226,355,76,360,11,24,1.34,58
3,2015/3/4,«·∂»Œ€»æ,113,345,52,175,17,26,1.49,43
4,2015/3/5,¡º,93,304,59,123,25,34,1.84,36
5,2015/3/6,¡º,85,234,57,112,22,40,1.91,39
6,2015/3/7,¡º,74,183,42,96,20,31,1.55,50
7,2015/3/8,¡º,88,240,35,123,12,20,1.05,87
8,2015/3/9,«·∂»Œ€»æ,119,320,47,186,16,17,0.95,64
9,2015/3/10,¡º,92,286,42,132,25,26,1.18,48
10,2015/3/11,¡º,99,302,52,146,29,47,1.55,49
11,2015/3/12,«·∂»Œ€»æ,125,308,71,199,35,61,1.56,72
12,2015/3/13,«·∂»Œ€»æ,107,266,42,162,16,35,0.87,56
13,2015/3/14,«·∂»Œ€»æ,140,295,54,227,13,40,0.95,52
14,2015/3/15,«·∂»Œ€»æ,150,313,67,249,26,63,1.59,36
15,2015/3/16,«·∂»Œ€»æ,126,275,59,199,19,48,1.18,39
16,2015/3/17,«·∂»Œ€»æ,139,321,73,226,31,63,1.9,29
17,2015/3/18,«·∂»Œ€»æ,101,303,46,150,25,39,1.6,49
18,2015/3/19,¡º,67,146,32,81,10,25,0.92,68
19,2015/3/20,¡º,82,200,35,112,18,36,0.9,56
20,2015/3/21,«·∂»Œ€»æ,112,284,60,171,22,56,1.34,49
21,2015/3/22,«·∂»Œ€»æ,108,260,64,163,24,64,1.54,26
22,2015/3/23,¡º,74,215,47,93,10,37,1.04,58
23,2015/3/24,¡º,58,138,34,65,7,38,0.81,64
24,2015/3/25,¡º,73,214,37,95,13,53,1.17,48
25,2015/3/26,¡º,78,230,40,105,13,56,1.06,52
26,2015/3/27,«·∂»Œ€»æ,102,275,47,150,13,54,0.94,47
27,2015/3/28,«·∂»Œ€»æ,115,277,51,179,15,64,0.93,31
28,2015/3/29,¡º,88,178,55,119,14,66,1.1,44
29,2015/3/30,¡º,77,185,38,102,13,44,0.91,61
30,2015/3/31,¡º,98,272,48,143,13,52,0.91,54
0,2015/2/1,¡º,90,215,66,81,19,39,2.51,40
1,2015/2/2,¡º,81,131,59,75,24,39,2.29,47
2,2015/2/3,¡º,91,154,67,98,30,41,2.39,45
3,2015/2/4,¡º,60,94,42,52,16,20,1.66,70
4,2015/2/5,¡º,80,175,58,76,22,43,2.21,44
5,2015/2/6,¡º,90,173,65,96,28,36,2.1,45
6,2015/2/7,¡º,72,92,42,91,19,37,1.87,53
7,2015/2/8,¡º,86,231,55,116,24,52,2.22,48
8,2015/2/9,¡º,95,235,68,131,35,63,2.64,42
9,2015/2/10,¡º,95,170,68,120,35,56,2.49,42
10,2015/2/11,¡º,84,120,54,111,43,69,2.66,39
11,2015/2/12,¡º,86,140,58,114,54,75,3.14,38
12,2015/2/13,¡º,80,128,53,103,46,64,2.99,36
13,2015/2/14,÷–∂»Œ€»æ,197,312,80,274,32,42,2.51,46
14,2015/2/15,¡º,77,113,29,103,15,24,1.42,63
15,2015/2/16,¡º,78,105,45,103,34,49,2.29,51
16,2015/2/17,¡º,76,132,48,100,38,46,2.58,53
17,2015/2/18,¡º,92,199,65,120,39,39,2.31,59
18,2015/2/19,«·∂»Œ€»æ,124,223,93,138,30,30,2,57
19,2015/2/20,¡º,77,239,35,102,15,15,1.08,73
20,2015/2/21,¡º,68,183,27,84,13,16,1.15,62
21,2015/2/22,¡º,67,135,30,81,19,26,1.44,63
22,2015/2/23,¡º,75,181,37,98,16,22,1.39,66
23,2015/2/24,¡º,52,94,29,57,10,28,1.58,40
24,2015/2/25,«·∂»Œ€»æ,130,315,57,208,9,26,1.43,47
25,2015/2/26,¡º,74,227,38,97,12,31,1.45,51
26,2015/2/27,«·∂»Œ€»æ,106,343,43,160,16,17,1.14,63
27,2015/2/28,”≈,45,160,18,45,15,20,1.17,58
0,2015/1/1,«·∂»Œ€»æ,134,325,100,164,69,57,2.91,20
1,2015/1/2,÷–∂»Œ€»æ,154,596,117,179,67,59,3.21,21
2,2015/1/3,÷–∂»Œ€»æ,187,317,142,212,71,74,3.69,18
3,2015/1/4,¡º,92,71,56,111,30,37,1.45,37
4,2015/1/5,”≈,48,25,17,52,25,31,1.17,39
5,2015/1/6,¡º,59,123,34,66,33,41,1.81,23
6,2015/1/7,¡º,67,126,46,79,28,40,1.8,19
7,2015/1/8,¡º,91,171,64,115,44,55,2.67,18
8,2015/1/9,«·∂»Œ€»æ,117,202,88,138,50,69,3.41,17
9,2015/1/10,«·∂»Œ€»æ,109,175,81,133,57,69,3.62,20
10,2015/1/11,«·∂»Œ€»æ,118,211,87,149,68,73,4.21,19
11,2015/1/12,«·∂»Œ€»æ,127,270,95,161,63,80,4.03,20
12,2015/1/13,¡º,94,200,69,108,34,46,2.64,25
13,2015/1/14,¡º,96,187,70,111,31,50,2.23,23
14,2015/1/15,¡º,64,84,31,75,22,33,1.37,49
15,2015/1/16,¡º,99,168,68,132,47,73,3.09,28
16,2015/1/17,¡º,88,152,57,114,29,48,2.21,41
17,2015/1/18,¡º,80,104,50,101,33,62,2.85,37
18,2015/1/19,¡º,91,168,63,118,43,67,3.48,32
19,2015/1/20,¡º,91,151,64,120,44,57,2.76,38
20,2015/1/21,¡º,90,143,53,124,75,86,3.61,35
21,2015/1/22,«·∂»Œ€»æ,110,206,79,146,60,84,3.69,26
22,2015/1/23,«·∂»Œ€»æ,118,167,88,152,53,75,3.1,29
23,2015/1/24,¡º,87,92,45,120,28,39,1.89,50
24,2015/1/25,«·∂»Œ€»æ,101,128,73,137,46,63,2.97,32
25,2015/1/26,¡º,78,84,33,103,23,25,1.56,58
26,2015/1/27,¡º,62,117,31,72,27,33,1.78,46
27,2015/1/28,¡º,70,253,38,87,22,26,1.55,43
28,2015/1/29,¡º,78,244,32,104,20,28,1.8,49
29,2015/1/30,¡º,67,162,38,77,18,37,1.99,36
30,2015/1/31,¡º,83,236,61,73,23,36,2.41,42
0,2014/12/1,«·∂»Œ€»æ,113,180,79,156,34,66,2.73,19
1,2014/12/2,«·∂»Œ€»æ,111,180,82,164,29,57,2.83,12
2,2014/12/3,¡º,70,92,30,88,24,34,1.15,46
3,2014/12/4,«·∂»Œ€»æ,105,168,69,143,42,63,2.63,32
4,2014/12/5,÷–∂»Œ€»æ,158,186,120,204,47,78,4.25,27
5,2014/12/6,¡º,92,107,63,104,23,43,1.79,27
6,2014/12/7,«·∂»Œ€»æ,113,132,71,165,38,58,2.53,15
7,2014/12/8,«·∂»Œ€»æ,123,136,92,145,31,63,2.91,15
8,2014/12/9,¡º,67,45,33,82,15,25,0.95,32
9,2014/12/10,«·∂»Œ€»æ,106,126,54,159,24,44,1.41,22
10,2014/12/11,¡º,95,124,36,139,14,23,0.79,51
11,2014/12/12,¡º,95,133,54,136,20,49,1.65,19
12,2014/12/13,«·∂»Œ€»æ,125,173,91,181,36,68,2.49,12
13,2014/12/14,«·∂»Œ€»æ,138,146,84,197,38,56,2.06,25
14,2014/12/15,«·∂»Œ€»æ,104,72,40,143,16,27,0.72,53
15,2014/12/16,¡º,97,157,65,120,38,68,2.14,14
16,2014/12/17,«·∂»Œ€»æ,149,183,113,159,53,69,3.41,16
17,2014/12/18,÷–∂»Œ€»æ,185,179,139,212,63,82,3.15,28
18,2014/12/19,«·∂»Œ€»æ,112,129,84,134,41,54,2.11,20
19,2014/12/20,¡º,77,98,49,95,34,35,1.39,31
20,2014/12/21,¡º,66,54,42,75,33,40,1.63,27
21,2014/12/22,«·∂»Œ€»æ,138,175,103,155,52,59,3.05,16
22,2014/12/23,«·∂»Œ€»æ,148,150,112,163,61,60,2.87,18
23,2014/12/24,«·∂»Œ€»æ,106,76,79,118,43,52,2.13,22
24,2014/12/25,«·∂»Œ€»æ,118,123,88,136,48,60,2.42,20
25,2014/12/26,÷–∂»Œ€»æ,153,148,115,165,47,56,2.51,18
26,2014/12/27,÷–∂»Œ€»æ,175,151,133,189,47,62,2.83,17
27,2014/12/28,÷ÿ∂»Œ€»æ,203,149,156,222,51,71,3.29,20
28,2014/12/29,«·∂»Œ€»æ,149,118,112,173,50,66,3,23
29,2014/12/30,«·∂»Œ€»æ,111,94,81,136,53,50,2.38,23
30,2014/12/31,¡º,69,184,34,85,35,37,1.7,16
0,2014/11/1,”≈,46,30,26,46,11,34,0.72,52
1,2014/11/2,¡º,86,170,58,115,22,66,1.64,30
2,2014/11/3,«·∂»Œ€»æ,129,189,96,166,33,95,2.33,41
3,2014/11/4,«·∂»Œ€»æ,106,151,79,129,31,83,2.5,13
4,2014/11/5,«·∂»Œ€»æ,111,127,83,135,36,83,2.75,21
5,2014/11/6,«·∂»Œ€»æ,122,139,91,150,32,76,2.76,7
6,2014/11/7,«·∂»Œ€»æ,101,163,75,122,33,67,2.09,21
7,2014/11/8,«·∂»Œ€»æ,104,155,77,119,27,68,2.26,10
8,2014/11/9,¡º,65,81,44,70,20,45,1.32,16
9,2014/11/10,¡º,79,69,41,106,16,28,0.8,43
10,2014/11/11,¡º,81,80,44,110,15,42,1.17,35
11,2014/11/12,¡º,67,92,31,82,20,32,0.97,36
12,2014/11/13,«·∂»Œ€»æ,118,183,84,159,34,65,2.33,18
13,2014/11/14,¡º,98,124,71,140,30,42,1.92,18
14,2014/11/15,¡º,81,70,40,109,20,25,1.12,35
15,2014/11/16,«·∂»Œ€»æ,108,105,73,161,29,46,2.14,20
16,2014/11/17,«·∂»Œ€»æ,119,124,87,170,36,53,2.59,18
17,2014/11/18,«·∂»Œ€»æ,122,129,91,167,39,48,2.82,18
18,2014/11/19,«·∂»Œ€»æ,117,112,86,156,37,60,2,21
19,2014/11/20,«·∂»Œ€»æ,111,89,75,155,29,54,1.79,18
20,2014/11/21,«·∂»Œ€»æ,106,80,79,132,39,66,2.08,17
21,2014/11/22,¡º,97,63,72,115,37,45,1.79,28
22,2014/11/23,¡º,78,68,54,99,30,48,1.55,32
23,2014/11/24,¡º,97,130,72,100,21,46,1.65,22
24,2014/11/25,÷–∂»Œ€»æ,168,172,127,172,29,68,3.08,10
25,2014/11/26,¡º,94,119,65,110,22,34,1.95,29
26,2014/11/27,”≈,43,12,23,41,11,28,0.85,40
27,2014/11/28,«·∂»Œ€»æ,101,150,75,118,18,57,2.14,16
28,2014/11/29,¡º,83,100,59,91,19,40,1.9,29
29,2014/11/30,¡º,56,67,21,60,12,25,0.84,52
0,2014/10/1,¡º,65,109,36,78,10,17,0.93,40
1,2014/10/2,¡º,99,163,59,144,16,28,1.19,44
2,2014/10/3,¡º,92,145,51,132,17,22,0.96,51
3,2014/10/4,¡º,60,84,29,73,11,16,0.79,50
4,2014/10/5,¡º,77,128,43,101,25,33,1.42,40
5,2014/10/6,¡º,72,85,39,91,21,27,1.16,43
6,2014/10/7,¡º,75,56,49,93,24,34,1.11,37
7,2014/10/8,¡º,85,81,59,101,24,31,1.21,41
8,2014/10/9,¡º,57,24,33,64,10,22,0.9,41
9,2014/10/10,¡º,76,79,45,91,15,20,0.93,41
10,2014/10/11,”≈,29,2,12,22,9,13,0.68,53
11,2014/10/12,”≈,41,29,28,39,13,25,1.05,41
12,2014/10/13,¡º,71,136,50,80,17,35,1.42,43
13,2014/10/14,«·∂»Œ€»æ,107,145,79,134,25,44,1.88,42
14,2014/10/15,¡º,92,55,59,127,22,40,1.17,28
15,2014/10/16,¡º,81,71,55,98,17,36,1.44,22
16,2014/10/17,«·∂»Œ€»æ,134,152,100,136,20,53,1.75,28
17,2014/10/18,«·∂»Œ€»æ,124,122,93,132,24,46,1.44,37
18,2014/10/19,¡º,76,88,47,98,24,41,1.14,42
19,2014/10/20,¡º,74,67,49,97,19,38,1.16,33
20,2014/10/21,¡º,64,40,40,73,16,48,1.25,41
21,2014/10/22,¡º,89,101,59,120,23,48,1.48,38
22,2014/10/23,¡º,98,100,71,132,30,52,1.72,31
23,2014/10/24,¡º,98,93,70,126,33,60,1.91,34
24,2014/10/25,¡º,81,61,55,105,30,48,1.69,27
25,2014/10/26,¡º,86,68,63,103,26,46,1.62,36
26,2014/10/27,¡º,68,52,46,78,17,35,1.25,34
27,2014/10/28,”≈,41,9,21,45,11,34,1.06,35
28,2014/10/29,¡º,70,100,46,85,18,36,1.49,37
29,2014/10/30,”≈,43,29,25,41,13,32,0.96,35
30,2014/10/31,”≈,39,14,22,37,11,31,0.87,41
0,2014/9/1,¡º,62,127,36,76,9,23,0.79,39
1,2014/9/2,¡º,66,151,36,80,13,26,0.94,41
2,2014/9/3,¡º,88,186,46,120,20,33,1.17,51
3,2014/9/4,¡º,86,161,48,119,18,28,1.03,49
4,2014/9/5,¡º,69,72,38,86,13,21,0.78,42
5,2014/9/6,¡º,62,43,42,67,12,19,0.82,36
6,2014/9/7,¡º,64,72,43,70,18,26,1.01,44
7,2014/9/8,«·∂»Œ€»æ,105,159,76,126,17,34,1.18,21
8,2014/9/9,«·∂»Œ€»æ,123,185,90,126,14,33,1.38,35
9,2014/9/10,¡º,62,79,34,75,13,28,1.07,26
10,2014/9/11,”≈,44,34,30,40,11,19,0.98,31
11,2014/9/12,¡º,74,166,50,90,23,39,1.83,24
12,2014/9/13,«·∂»Œ€»æ,121,187,77,186,15,25,1.07,27
13,2014/9/14,¡º,55,119,37,61,9,17,0.71,36
14,2014/9/15,”≈,49,100,29,49,11,22,0.88,41
15,2014/9/16,”≈,41,57,23,39,9,23,0.93,37
16,2014/9/17,¡º,61,144,36,71,12,37,1.02,45
17,2014/9/18,¡º,82,160,54,108,20,43,1.37,44
18,2014/9/19,¡º,82,140,47,107,23,49,1.25,45
19,2014/9/20,¡º,75,134,34,98,20,42,1.25,39
20,2014/9/21,¡º,51,61,27,54,13,27,1.15,27
21,2014/9/22,”≈,42,27,25,40,8,23,0.85,41
22,2014/9/23,¡º,62,110,43,66,12,42,1.45,42
23,2014/9/24,¡º,89,159,58,119,21,49,1.67,54
24,2014/9/25,¡º,68,74,35,85,13,36,1.08,47
25,2014/9/26,¡º,77,82,47,100,22,38,1.27,37
26,2014/9/27,¡º,94,119,62,126,23,39,1.43,33
27,2014/9/28,¡º,75,120,50,83,13,31,1.24,49
28,2014/9/29,¡º,90,175,56,128,21,37,1.35,44
29,2014/9/30,¡º,64,139,33,76,14,19,1.06,39
0,2014/8/1,¡º,71,136,41,91,15,36,0.94,41
1,2014/8/2,«·∂»Œ€»æ,105,163,70,157,17,39,0.8,34
2,2014/8/3,¡º,72,101,44,92,16,26,0.78,38
3,2014/8/4,¡º,51,34,34,51,10,28,0.86,31
4,2014/8/5,¡º,84,153,62,81,12,36,0.99,27
5,2014/8/6,”≈,39,37,26,36,11,27,0.78,46
6,2014/8/7,¡º,70,141,43,88,18,41,1.15,51
7,2014/8/9,¡º,81,158,47,108,15,51,1.23,52
8,2014/8/10,¡º,91,163,50,126,16,56,1.29,29
9,2014/8/11,¡º,55,61,37,58,11,29,0.71,48
10,2014/8/12,¡º,55,82,35,54,14,42,0.74,52
11,2014/8/13,¡º,60,98,33,70,19,44,0.75,46
12,2014/8/14,¡º,68,145,36,84,19,48,0.91,63
13,2014/8/15,¡º,84,142,49,116,23,64,1.23,59
14,2014/8/16,¡º,78,114,42,102,16,46,0.84,62
15,2014/8/17,¡º,64,102,33,77,18,25,0.68,61
16,2014/8/18,¡º,86,167,49,116,24,40,1.19,44
17,2014/8/19,¡º,79,137,39,104,16,31,0.86,62
18,2014/8/20,¡º,72,106,44,91,17,31,1.09,48
19,2014/8/21,¡º,91,116,67,104,14,38,1.61,30
20,2014/8/23,¡º,79,110,53,99,9,39,1.08,33
21,2014/8/24,¡º,67,135,40,81,20,42,1.45,47
22,2014/8/25,¡º,81,155,46,107,21,46,1.28,40
23,2014/8/26,¡º,69,97,45,82,26,42,1.36,58
24,2014/8/27,¡º,91,168,49,129,24,33,1.38,52
25,2014/8/28,¡º,60,84,31,70,12,18,0.82,49
26,2014/8/29,¡º,57,85,34,63,8,16,0.72,43
27,2014/8/30,¡º,52,63,32,53,7,15,0.64,48
28,2014/8/31,¡º,73,147,43,93,19,28,1.11,32
0,2014/7/1,¡º,78,99,53,92,21,43,1.22,51
1,2014/7/2,¡º,86,155,57,113,23,48,1.26,53
2,2014/7/3,¡º,59,59,38,65,8,37,0.84,56
3,2014/7/4,¡º,84,129,53,111,21,54,1.29,56
4,2014/7/5,¡º,78,132,44,102,16,42,1.04,57
5,2014/7/6,¡º,68,120,42,84,9,26,0.78,52
6,2014/7/7,«·∂»Œ€»æ,107,165,68,161,9,25,0.76,53
7,2014/7/8,¡º,60,58,42,58,6,22,0.9,39
8,2014/7/9,”≈,47,41,32,39,6,22,0.85,43
9,2014/7/10,¡º,59,68,39,64,9,27,0.9,40
10,2014/7/11,¡º,85,101,48,118,14,49,0.96,31
11,2014/7/12,¡º,90,138,48,130,12,36,0.63,41
12,2014/7/13,¡º,68,115,41,82,12,52,1.11,35
13,2014/7/14,¡º,73,96,43,94,18,54,1.5,45
14,2014/7/15,¡º,73,114,43,93,21,41,0.78,68
15,2014/7/16,¡º,68,109,36,83,16,43,0.87,54
16,2014/7/17,¡º,69,106,39,87,14,41,0.81,52
17,2014/7/18,¡º,61,85,36,69,8,31,0.8,43
18,2014/7/19,¡º,58,83,40,60,10,31,0.92,45
19,2014/7/20,”≈,49,63,29,50,9,31,0.82,23
20,2014/7/21,¡º,63,105,38,73,9,25,0.79,33
21,2014/7/22,¡º,54,69,37,51,5,35,0.99,24
22,2014/7/23,¡º,65,128,44,63,7,45,1.42,38
23,2014/7/24,¡º,85,154,60,95,16,52,1.75,44
24,2014/7/25,¡º,95,168,54,135,16,54,1.22,50
25,2014/7/26,¡º,82,89,45,112,17,52,1.13,45
26,2014/7/27,¡º,60,53,36,68,11,34,1.19,54
27,2014/7/28,¡º,72,80,38,92,15,39,1.22,44
28,2014/7/29,¡º,80,85,44,108,16,36,0.92,48
29,2014/7/30,¡º,80,142,50,109,17,40,1.31,40
30,2014/7/31,¡º,74,124,47,95,10,36,0.72,30
0,2014/6/1,¡º,83,126,55,101,27,26,1.67,60
1,2014/6/2,¡º,85,149,62,86,16,16,1.33,64
2,2014/6/3,¡º,84,150,61,90,15,16,1.21,45
3,2014/6/4,¡º,78,107,51,97,18,28,1.36,47
4,2014/6/5,¡º,80,99,42,108,17,26,1.55,53
5,2014/6/6,¡º,72,91,37,93,11,15,1.25,74
6,2014/6/7,¡º,92,135,53,131,31,44,1.44,45
7,2014/6/8,¡º,74,79,40,96,17,24,0.73,67
8,2014/6/9,¡º,64,87,34,76,15,26,0.8,54
9,2014/6/10,¡º,68,103,44,79,21,34,1.12,46
10,2014/6/11,¡º,82,127,56,106,19,37,1.01,52
11,2014/6/12,¡º,66,56,45,74,19,29,1.02,66
12,2014/6/13,¡º,81,80,59,72,11,28,1.02,53
13,2014/6/14,«·∂»Œ€»æ,115,124,85,126,27,35,1.36,66
14,2014/6/15,¡º,83,64,52,109,26,32,1.49,71
15,2014/6/16,¡º,74,76,36,96,24,28,0.99,72
16,2014/6/17,¡º,93,142,50,132,34,33,1.28,61
17,2014/6/18,¡º,74,99,48,92,15,16,0.76,50
18,2014/6/19,¡º,59,79,40,60,7,21,0.81,45
19,2014/6/20,¡º,75,162,45,95,20,37,1.24,33
20,2014/6/21,¡º,89,165,53,122,16,37,1.31,51
21,2014/6/22,¡º,82,147,41,113,16,37,1.22,39
22,2014/6/23,¡º,68,94,40,83,12,25,0.95,47
23,2014/6/24,¡º,62,81,37,66,6,21,0.85,40
24,2014/6/25,«·∂»Œ€»æ,106,167,79,117,10,41,1.15,43
25,2014/6/26,¡º,92,150,63,112,28,48,1.84,45
26,2014/6/27,¡º,97,171,61,141,11,28,0.84,48
27,2014/6/28,¡º,60,73,41,56,6,30,0.81,41
28,2014/6/29,¡º,69,97,42,80,14,38,1.47,40
29,2014/6/30,¡º,77,95,54,86,15,48,0.91,39
0,2014/5/1,«·∂»Œ€»æ,101,83,45,134,12,22,0.8,60
1,2014/5/2,«·∂»Œ€»æ,101,129,44,151,20,51,1.28,43
2,2014/5/3,«·∂»Œ€»æ,120,180,56,188,24,61,1.15,36
3,2014/5/4,¡º,93,174,35,134,23,53,1.24,42
4,2014/5/5,¡º,83,151,37,115,36,67,1.6,45
5,2014/5/6,«·∂»Œ€»æ,108,167,56,165,42,78,1.77,39
6,2014/5/7,«·∂»Œ€»æ,107,166,58,163,45,73,1.75,49
7,2014/5/8,«·∂»Œ€»æ,105,124,54,158,35,70,1.49,59
8,2014/5/9,—œ÷ÿŒ€»æ,337,189,271,746,11,21,0.93,59
9,2014/5/10,¡º,69,139,41,91,10,25,1.11,55
10,2014/5/11,¡º,74,172,47,82,29,60,2.03,61
11,2014/5/12,¡º,84,132,49,110,44,62,1.67,58
12,2014/5/13,¡º,92,124,49,132,23,37,1.07,76
13,2014/5/14,¡º,73,80,33,90,16,24,0.81,77
14,2014/5/15,¡º,68,72,33,83,34,57,1.42,53
15,2014/5/16,¡º,85,82,38,117,41,67,1.48,57
16,2014/5/17,¡º,77,71,43,104,39,67,1.22,44
17,2014/5/18,«·∂»Œ€»æ,111,149,61,165,33,50,1.33,46
18,2014/5/19,¡º,56,34,30,63,21,44,1.14,58
19,2014/5/20,«·∂»Œ€»æ,103,113,60,149,40,72,1.52,56
20,2014/5/21,¡º,68,47,34,85,29,36,1.03,51
21,2014/5/22,¡º,66,52,30,80,16,31,1.08,51
22,2014/5/23,¡º,76,96,43,96,21,33,1.18,48
23,2014/5/24,÷ÿ∂»Œ€»æ,205,184,118,374,10,33,0.95,51
24,2014/5/25,÷ÿ∂»Œ€»æ,232,182,119,344,20,43,0.91,59
25,2014/5/26,«·∂»Œ€»æ,125,131,74,199,29,56,1.52,65
26,2014/5/27,¡º,85,54,55,111,27,56,1.29,61
27,2014/5/28,¡º,96,102,61,134,34,68,1.56,46
28,2014/5/29,¡º,88,58,53,122,35,46,1.59,53
29,2014/5/30,¡º,66,44,33,83,17,36,1.15,49
30,2014/5/31,¡º,70,62,41,84,27,37,1.51,64
0,2014/4/1,¡º,91,107,51,128,36,50,1.51,37
1,2014/4/2,¡º,62,41,31,74,30,29,0.79,63
2,2014/4/3,¡º,68,69,34,86,30,36,1,44
3,2014/4/4,¡º,88,111,54,125,38,59,1.38,41
4,2014/4/5,¡º,82,94,45,112,31,53,1.46,37
5,2014/4/6,¡º,74,86,41,96,23,52,1.11,36
6,2014/4/7,«·∂»Œ€»æ,110,153,65,167,38,73,1.68,44
7,2014/4/8,«·∂»Œ€»æ,121,115,65,186,35,68,1.5,49
8,2014/4/9,¡º,69,34,48,77,21,33,1.15,48
9,2014/4/10,«·∂»Œ€»æ,109,120,58,167,31,61,1.34,35
10,2014/4/11,¡º,80,82,52,106,18,37,1.02,44
11,2014/4/12,¡º,77,100,46,103,23,50,1.36,32
12,2014/4/13,¡º,81,105,43,110,28,56,1.31,37
13,2014/4/14,¡º,66,43,30,81,24,39,1.28,42
14,2014/4/15,¡º,60,32,35,67,27,56,1.58,31
15,2014/4/16,”≈,44,7,24,45,20,26,1.09,45
16,2014/4/17,¡º,64,56,38,77,25,28,1.02,36
17,2014/4/18,”≈,44,11,28,42,17,29,1,33
18,2014/4/19,”≈,45,27,28,44,17,34,1.06,38
19,2014/4/20,¡º,57,51,40,57,19,39,1.17,27
20,2014/4/21,”≈,43,16,22,45,14,41,1.17,34
21,2014/4/22,¡º,82,116,47,112,26,67,1.92,43
22,2014/4/23,¡º,96,116,57,141,28,64,1.67,33
23,2014/4/24,—œ÷ÿŒ€»æ,347,187,254,977,19,37,1.07,32
24,2014/4/25,—œ÷ÿŒ€»æ,265,186,115,388,18,41,1.23,36
25,2014/4/26,—œ÷ÿŒ€»æ,254,186,91,382,35,56,1.72,26
26,2014/4/27,÷–∂»Œ€»æ,189,187,80,311,37,51,1.66,37
27,2014/4/28,«·∂»Œ€»æ,132,178,62,212,31,55,1.22,45
28,2014/4/29,÷–∂»Œ€»æ,152,189,80,251,43,80,1.76,43
29,2014/4/30,÷ÿ∂»Œ€»æ,244,188,133,457,47,72,1.79,40
0,2014/3/1,¡º,94,142,41,136,29,42,1.19,53
1,2014/3/2,¡º,85,87,40,118,22,37,0.85,53
2,2014/3/3,¡º,88,97,42,123,18,34,1.03,47
3,2014/3/4,¡º,86,121,29,121,20,39,0.82,50
4,2014/3/5,«·∂»Œ€»æ,105,153,38,147,25,40,0.78,66
5,2014/3/6,¡º,94,146,41,124,34,44,0.96,86
6,2014/3/7,¡º,88,136,47,102,24,34,1.06,92
7,2014/3/8,«·∂»Œ€»æ,105,132,62,146,30,56,1.45,97
8,2014/3/9,«·∂»Œ€»æ,109,130,69,164,41,73,1.95,38
9,2014/3/10,«·∂»Œ€»æ,101,98,64,148,35,60,1.65,31
10,2014/3/11,¡º,91,67,33,131,21,26,0.78,45
11,2014/3/12,¡º,85,101,27,120,18,18,0.47,55
12,2014/3/13,¡º,94,147,44,137,31,56,1.01,34
13,2014/3/14,«·∂»Œ€»æ,120,171,64,189,41,75,1.76,30
14,2014/3/15,«·∂»Œ€»æ,130,155,79,204,53,87,2.23,33
15,2014/3/16,«·∂»Œ€»æ,114,106,66,172,41,64,1.72,40
16,2014/3/17,«·∂»Œ€»æ,107,77,46,163,24,42,0.96,41
17,2014/3/18,«·∂»Œ€»æ,130,90,66,208,35,56,1.41,49
18,2014/3/19,«·∂»Œ€»æ,146,169,65,241,29,33,0.63,62
19,2014/3/20,¡º,80,100,28,110,23,32,0.61,40
20,2014/3/21,¡º,88,140,37,125,22,46,1.07,39
21,2014/3/22,¡º,65,33,30,80,14,30,1.02,29
22,2014/3/23,¡º,69,37,38,86,21,43,1.5,28
23,2014/3/25,«·∂»Œ€»æ,127,128,77,201,43,64,1.88,18
24,2014/3/26,«·∂»Œ€»æ,134,125,69,216,36,59,1.73,25
25,2014/3/27,«·∂»Œ€»æ,122,110,63,193,17,30,0.87,30
26,2014/3/28,¡º,100,116,52,149,23,40,0.95,28
27,2014/3/29,«·∂»Œ€»æ,110,125,67,169,36,65,1.41,24
28,2014/3/30,¡º,72,50,45,89,19,31,0.9,28
29,2014/3/31,¡º,86,102,58,116,24,51,1.81,25
0,2014/2/1,«·∂»Œ€»æ,105,82,78,106,48,52,2.05,43
1,2014/2/2,«·∂»Œ€»æ,114,74,85,129,40,46,2.25,38
2,2014/2/3,¡º,72,89,22,94,22,19,0.76,49
3,2014/2/4,¡º,69,131,37,86,30,25,1.06,36
4,2014/2/5,¡º,72,139,38,93,23,15,0.82,29
5,2014/2/6,¡º,77,136,46,103,20,14,0.78,34
6,2014/2/7,«·∂»Œ€»æ,106,151,61,160,23,21,1.26,35
7,2014/2/8,¡º,93,142,66,123,23,15,0.74,45
8,2014/2/9,”≈,48,78,31,46,15,12,0.58,51
9,2014/2/10,¡º,80,145,58,72,19,24,1.15,40
10,2014/2/11,¡º,87,108,64,86,20,24,1.05,41
11,2014/2/12,¡º,69,42,49,70,15,19,0.75,47
12,2014/2/13,¡º,99,103,74,94,20,30,1.37,39
13,2014/2/14,«·∂»Œ€»æ,118,100,88,111,30,45,1.55,44
14,2014/2/15,«·∂»Œ€»æ,103,57,77,102,43,45,1.83,34
15,2014/2/16,¡º,92,93,68,83,29,37,1.61,35
16,2014/2/17,¡º,99,127,74,89,38,45,1.48,47
17,2014/2/18,¡º,97,154,66,101,43,52,2.26,36
18,2014/2/19,¡º,79,79,53,98,49,69,2.07,31
19,2014/2/20,¡º,98,91,72,138,47,71,2.73,26
20,2014/2/21,¡º,89,48,65,109,38,64,1.62,53
21,2014/2/22,¡º,99,55,74,120,33,55,1.87,45
22,2014/2/23,¡º,100,57,74,123,33,51,1.91,35
23,2014/2/24,¡º,87,42,63,103,26,44,1.47,36
24,2014/2/25,«·∂»Œ€»æ,105,84,66,135,23,41,1.56,38
25,2014/2/26,÷–∂»Œ€»æ,170,143,160,184,15,21,0.56,64
26,2014/2/27,¡º,93,103,40,135,25,56,1.34,27
27,2014/2/28,¡º,92,150,32,133,20,26,0.72,57
0,2014/1/1,÷–∂»Œ€»æ,162,155,120,214,52,38,1.76,20
1,2014/1/2,«·∂»Œ€»æ,128,78,77,154,49,28,1.6,21
2,2014/1/3,«·∂»Œ€»æ,101,55,69,141,52,33,1.53,20
3,2014/1/4,«·∂»Œ€»æ,122,94,92,164,51,37,1.58,20
4,2014/1/5,«·∂»Œ€»æ,116,46,87,162,53,35,1.74,18
5,2014/1/6,¡º,98,36,62,134,38,26,1.3,36
6,2014/1/7,¡º,52,6,15,56,22,26,1.26,38
7,2014/1/8,”≈,49,29,23,55,28,35,1.47,35
8,2014/1/9,¡º,84,122,53,116,43,51,2.29,25
9,2014/1/10,¡º,85,56,55,118,37,47,1.69,26
10,2014/1/11,¡º,73,33,40,94,30,37,1.49,28
11,2014/1/12,¡º,82,67,50,113,44,45,1.94,22
12,2014/1/13,«·∂»Œ€»æ,105,98,74,150,45,52,2.35,21
13,2014/1/14,«·∂»Œ€»æ,102,75,74,147,55,48,2.21,24
14,2014/1/15,÷–∂»Œ€»æ,184,119,292,148,44,51,2.27,26
15,2014/1/16,«·∂»Œ€»æ,117,57,83,160,54,61,2.11,55
16,2014/1/17,«·∂»Œ€»æ,135,62,101,199,51,53,1.99,21
17,2014/1/18,«·∂»Œ€»æ,139,74,97,190,37,47,1.98,32
18,2014/1/19,«·∂»Œ€»æ,142,81,51,231,27,27,1.3,45
19,2014/1/20,«·∂»Œ€»æ,123,81,86,168,44,50,2.36,24
20,2014/1/21,«·∂»Œ€»æ,115,145,87,135,47,55,2.28,26
21,2014/1/22,«·∂»Œ€»æ,132,144,100,142,51,68,2.79,27
22,2014/1/24,¡º,75,41,36,99,28,31,1.14,37
23,2014/1/25,¡º,73,39,49,82,37,45,1.54,33
24,2014/1/26,¡º,100,112,74,113,49,55,2.62,22
25,2014/1/27,¡º,92,95,66,103,31,41,2.18,33
26,2014/1/28,¡º,71,65,51,75,37,46,1.6,37
27,2014/1/29,«·∂»Œ€»æ,136,133,85,155,42,58,2.04,41
28,2014/1/30,«·∂»Œ€»æ,104,58,71,128,44,54,1.93,45
29,2014/1/31,÷–∂»Œ€»æ,153,49,115,158,55,56,2.28,41
0,2013/12/1,«·∂»Œ€»æ,106,59,92,146,50,47,1.81,13
1,2013/12/2,«·∂»Œ€»æ,141,60,106,203,55,49,1.97,12
2,2013/12/3,«·∂»Œ€»æ,111,30,64,150,45,39,1.54,13
3,2013/12/4,«·∂»Œ€»æ,117,37,98,153,35,33,1.47,16
4,2013/12/5,«·∂»Œ€»æ,112,43,58,159,46,35,1.6,11
5,2013/12/6,«·∂»Œ€»æ,118,50,101,211,57,46,1.95,13
6,2013/12/7,«·∂»Œ€»æ,150,49,117,221,56,46,2.13,13
7,2013/12/8,«·∂»Œ€»æ,101,13,20,59,20,16,0.92,23
8,2013/12/9,¡º,66,10,54,119,30,30,1.51,13
9,2013/12/10,¡º,88,31,37,98,25,23,1.25,17
10,2013/12/11,¡º,76,23,47,123,42,30,1.51,13
11,2013/12/12,«·∂»Œ€»æ,102,50,85,181,54,40,1.93,11
12,2013/12/13,«·∂»Œ€»æ,117,56,80,164,47,36,1.76,14
13,2013/12/14,¡º,93,29,59,122,39,32,1.68,9
14,2013/12/15,«·∂»Œ€»æ,102,50,90,139,26,31,2.14,10
15,2013/12/16,«·∂»Œ€»æ,137,77,119,176,28,37,2.41,32
16,2013/12/17,÷–∂»Œ€»æ,167,84,128,210,37,47,2.08,15
17,2013/12/18,«·∂»Œ€»æ,130,81,86,148,41,34,1.58,16
18,2013/12/19,«·∂»Œ€»æ,117,62,81,145,30,25,1.37,22
19,2013/12/20,¡º,81,33,44,71,27,18,0.92,30
20,2013/12/21,¡º,74,21,68,124,31,29,1.38,18
21,2013/12/22,«·∂»Œ€»æ,115,35,105,168,33,38,1.57,17
22,2013/12/23,«·∂»Œ€»æ,146,47,102,160,27,31,1.44,18
23,2013/12/24,«·∂»Œ€»æ,120,35,84,133,32,29,1.22,19
24,2013/12/25,«·∂»Œ€»æ,145,35,124,149,36,27,1.4,17
25,2013/12/26,«·∂»Œ€»æ,107,22,36,80,27,23,1.1,22
26,2013/12/27,¡º,79,33,63,123,36,28,1.37,19
27,2013/12/28,¡º,88,35,63,129,39,31,1.31,18
28,2013/12/29,«·∂»Œ€»æ,101,53,79,158,43,35,1.46,14
29,2013/12/30,«·∂»Œ€»æ,111,43,86,169,49,36,1.6,15
30,2013/12/31,«·∂»Œ€»æ,134,114,115,212,51,39,1.73,17
0,2013/11/1,¡º,99,56,73,123,20,47,1.36,24
1,2013/11/2,«·∂»Œ€»æ,113,62,84,156,29,44,1.28,13
2,2013/11/3,«·∂»Œ€»æ,139,83,107,183,36,53,1.63,26
3,2013/11/4,«·∂»Œ€»æ,111,70,78,117,34,54,1.34,44
4,2013/11/5,«·∂»Œ€»æ,135,93,99,196,37,84,2.15,54
5,2013/11/6,«·∂»Œ€»æ,115,57,64,163,31,54,1.28,49
6,2013/11/7,«·∂»Œ€»æ,119,71,79,205,44,55,1.24,25
7,2013/11/8,«·∂»Œ€»æ,123,70,72,168,38,40,1.17,33
8,2013/11/9,¡º,83,35,22,77,19,15,0.54,52
9,2013/11/10,¡º,60,32,48,84,18,25,0.95,24
10,2013/11/11,¡º,82,92,58,111,24,25,1.05,16
11,2013/11/12,¡º,88,81,60,122,35,19,1.03,43
12,2013/11/13,¡º,97,70,66,218,22,19,0.8,37
13,2013/11/14,—œ÷ÿŒ€»æ,371,110,181,655,35,32,1.14,29
14,2013/11/15,—œ÷ÿŒ€»æ,414,111,152,434,53,40,1.91,16
15,2013/11/16,÷ÿ∂»Œ€»æ,250,109,140,335,51,30,1.78,16
16,2013/11/17,÷ÿ∂»Œ€»æ,204,109,166,313,43,31,1.75,14
17,2013/11/18,÷–∂»Œ€»æ,200,110,126,335,52,35,1.38,12
18,2013/11/19,÷–∂»Œ€»æ,200,112,138,338,56,38,1.6,12
19,2013/11/20,÷–∂»Œ€»æ,200,107,161,277,52,36,1.39,13
20,2013/11/21,÷–∂»Œ€»æ,174,82,112,218,47,38,1.08,14
21,2013/11/22,÷ÿ∂»Œ€»æ,234,91,183,127,36,27,0.9,15
22,2013/11/23,«·∂»Œ€»æ,109,41,41,131,14,13,0.78,29
23,2013/11/24,«·∂»Œ€»æ,116,46,73,189,29,29,1.25,15
24,2013/11/25,¡º,100,78,70,100,37,38,1.43,13
25,2013/11/26,«·∂»Œ€»æ,101,79,63,87,29,33,1.29,17
26,2013/11/27,¡º,63,21,27,57,24,20,0.86,23
27,2013/11/28,¡º,53,17,37,58,37,28,1.3,16
28,2013/11/29,¡º,77,66,77,97,42,42,1.74,12
29,2013/11/30,«·∂»Œ€»æ,113,86,84,110,45,42,1.82,12
0,2013/10/28,¡º,94,30,61,136,29,29,1.32,14
1,2013/10/29,¡º,86,41,61,115,27,29,1.39,18
2,2013/10/30,¡º,77,38,56,74,24,30,1.3,26
3,2013/10/31,¡º,74,41,51,93,19,42,1.31,24
